ticker,name,exchange,sector,market_cap_cad
VNP.TO,5N Plus Inc.,TSX,Clean Technology & Renewable Energy,2930092823.34
AW.TO,A & W Food Services of Canada Inc.,TSX,Consumer Products & Services,892004817.8
ABXX.TO,Abaxx Technologies Inc.,TSX,Technology,955050827.69
AAB.TO,Aberdeen International Inc.,TSX,Financial Services,3213925.64
ABRA.TO,AbraSilver Resource Corp.,TSX,Mining,2237053525.56
ADN.TO,Acadian Timber Corp.,TSX,Industrial Products & Services,335420319.38
ACD.TO,Accord Financial Corp.,TSX,Financial Services,15198149.97
ARA.TO,Aclara Resources Inc.,TSX,Mining,890144042.17
ACX.TO,ACT Energy Technologies Ltd.,TSX,Industrial Products & Services,231036678.08
ADCO.TO,Adcore Inc.,TSX,Technology,8845506.195
ADEN.TO,ADENTRA Inc.,TSX,Industrial Products & Services,837135517.12
DRX.TO,ADF Group Inc.,TSX,Industrial Products & Services,257360368.32
ACT.TO,Aduro Clean Technologies Inc.,TSX,Clean Technology & Renewable Energy,679779658.25
AAV.TO,Advantage Energy Ltd.,TSX,Oil & Gas,1999199148
ARE.TO,Aecon Group Inc.,TSX,Industrial Products & Services,3099590596.67
AEG.TO,Aegis Brands Inc.,TSX,Consumer Products & Services,22174663.42
AFN.TO,AG Growth International Inc.,TSX,Industrial Products & Services,653897945.71
AGF.TO,AGF Management Limited,TSX,Financial Services,1452984510
AEM.TO,Agnico Eagle Mines Limited,TSX,Mining,103150785558.84
AGTF.TO,AGT Food and Ingredients Inc.,TSX,Consumer Products & Services,1160470293.84
AIM.TO,Aimia Inc.,TSX,Consumer Products & Services,263758871.4
AC.TO,Air Canada,TSX,Consumer Products & Services,7105096804.63
BOS.TO,AirBoss of America Corp.,TSX,Industrial Products & Services,196448549.61
AKT.TO,Akita Drilling Ltd.,TSX,Industrial Products & Services,202625134.64
AGI.TO,Alamos Gold Inc.,TSX,Mining,16308232504.8
AD.TO,Alaris Equity Partners Income Trust,TSX,Financial Services,1414553021.85
ALC.TO,Algoma Central Corporation,TSX,Industrial Products & Services,932248411.68
ASTL.TO,Algoma Steel Group Inc.,TSX,Industrial Products & Services,569515312.52
AQN.TO,Algonquin Power & Utilities Corp.,TSX,Clean Technology & Renewable Energy,6543259008.8
ATD.TO,Alimentation Couche-Tard Inc.,TSX,Consumer Products & Services,83558757291.09
ALYA.TO,Alithya Group Inc.,TSX,Technology,103748860.68
ALK.TO,Alkane Resources Limited,TSX,Mining,1762404219.09
AAUC.TO,Allied Gold Corporation,TSX,Mining,3380296897.92
AP.TO,Allied Properties Real Estate Investment Trust,TSX,Real Estate,1806447753.06
ALA.TO,AltaGas Ltd.,TSX,Utilities & Pipelines,17616472504.14
ALS.TO,Altius Minerals Corporation,TSX,Mining,3406809277.8
AIF.TO,Altus Group Limited,TSX,Technology,1631277765.86
AMAP.TO,Amapá Minerals Holdings Inc.,TSX,Mining,366282343.35
HOT.TO,American Hotel Income Properties REIT LP,TSX,Real Estate,84151175.53
USA.TO,Americas Gold and Silver Corporation,TSX,Mining,1801373634.71
ARG.TO,Amerigo Resources Ltd.,TSX,Mining,1070385760.08
ANRG.TO,Anaergia Inc.,TSX,Clean Technology & Renewable Energy,394381228.44
APM.TO,Andean Precious Metals Corp.,TSX,Mining,841211583.83
ADW.TO,Andrew Peller Limited/Andrew Peller Limitee,TSX,Consumer Products & Services,381954553.23
APTX.TO,Apotex Health Corp.,TSX,Life Sciences,8363064132
APLI.TO,Appili Therapeutics Inc.,TSX,Life Sciences,1985491.8
ARX.TO,ARC Resources Ltd.,TSX,Oil & Gas,18995159598.45
ARIS.TO,Aris Mining Corporation,TSX,Mining,3866203389.89
ATZ.TO,Aritzia Inc.,TSX,Consumer Products & Services,13444633147.68
AMC.TO,Arizona Metals Corp.,TSX,Mining,18449144.955
ACO.TO,Atco Ltd.,TSX,Utilities & Pipelines,8059626178.27
ATX.TO,ATEX Resources Inc.,TSX,Mining,872886716.36
ATH.TO,Athabasca Oil Corporation,TSX,Oil & Gas,4995972916.48
ATRL.TO,AtkinsRealis Group Inc.,TSX,Industrial Products & Services,13979073213.13
AI.TO,Atrium Mortgage Investments Corporation,TSX,Financial Services,628154880.4
ATS.TO,ATS Corporation,TSX,Industrial Products & Services,3753353695.5
ACB.TO,Aurora Cannabis Inc.,TSX,Life Sciences,238016489.28
ACQ.TO,AutoCanada Inc.,TSX,Consumer Products & Services,538729388.9
APR.TO,Automotive Properties Real Estate Investment Trust,TSX,Real Estate,665902466.25
XLY.TO,Auxly Cannabis Group Inc.,TSX,Consumer Products & Services,265475335.68
AVL.TO,Avalon Advanced Materials Inc.,TSX,Mining,21819195.4
AVNT.TO,Avant Brands Inc.,TSX,Life Sciences,8859489.56
AVCN.TO,Avicanna Inc.,TSX,Life Sciences,16223985.5
ASM.TO,Avino Silver & Gold Mines Ltd.,TSX,Mining,1260418860.82
AYA.TO,Aya Gold & Silver Inc.,TSX,Mining,3963435734.16
BTO.TO,B2Gold Corp.,TSX,Mining,6935621500.5
BDGI.TO,Badger Infrastructure Solutions Ltd.,TSX,Industrial Products & Services,2990988679.32
BLDP.TO,Ballard Power Systems Inc.,TSX,Clean Technology & Renewable Energy,1124619222.62
BMO.TO,Bank of Montreal,TSX,Financial Services,176149151550.06
BNS.TO,Bank of Nova Scotia (The),TSX,Financial Services,150179451143.46
ABX.TO,Barrick Mining Corporation,TSX,Mining,84680753357.55
BLCO.TO,Bausch + Lomb Corporation,TSX,Life Sciences,8447968738.3
BHC.TO,Bausch Health Companies Inc.,TSX,Life Sciences,3609409890.45
BYL.TO,Baylin Technologies Inc.,TSX,Technology,73139140.62
BTE.TO,Baytex Energy Corp.,TSX,Oil & Gas,4529795828.04
BCE.TO,BCE Inc.,TSX,Comm. & Media,31217081154.6
BEK.TO,Becker Milk Company Ltd. (The),TSX,Real Estate,16821184.7
BSX.TO,Belo Sun Mining Corp.,TSX,Mining,562555089.36
BNG.TO,Bengal Energy Ltd.,TSX,Oil & Gas,10577512.86
BOIL.TO,Beyond Oil Ltd.,TSX,Industrial Products & Services,194068305.92
BR.TO,Big Rock Brewery Inc.,TSX,Consumer Products & Services,14748369.6
BIR.TO,Birchcliff Energy Ltd.,TSX,Oil & Gas,1753606281.42
BCHT.TO,Birchtech Corp.,TSX,Clean Technology & Renewable Energy,52348872.34
BDT.TO,Bird Construction Inc.,TSX,Industrial Products & Services,3704818537.26
BDI.TO,Black Diamond Group Limited,TSX,Industrial Products & Services,1216114693.31
BKI.TO,Black Iron Inc.,TSX,Mining,36555248.18
BB.TO,BlackBerry Limited,TSX,Technology,6992611821.19
BGAU.TO,Blossom Gold Inc.,TSX,Mining,219145450.185
BAMI.TO,Blue Ant Media Corporation,TSX,Comm. & Media,144991485.6
GBT.TO,BMTC Group Inc.,TSX,Consumer Products & Services,401170870
BEI.TO,Boardwalk Real Estate Investment Trust,TSX,Real Estate,3054160907.5
BBD.TO,Bombardier Inc.,TSX,Industrial Products & Services,34395733781.04
BNE.TO,Bonterra Energy Corp.,TSX,Oil & Gas,207812359.44
BLX.TO,Boralex Inc.,TSX,Clean Technology & Renewable Energy,3812586401.88
BPF.TO,Boston Pizza Royalties Income Fund,TSX,Consumer Products & Services,473448026.75
BYD.TO,Boyd Group Services inc.,TSX,Industrial Products & Services,4033777795.85
BRAG.TO,Bragg Gaming Group Inc.,TSX,Technology,70091182.1
BCT.TO,BriaCell Therapeutics Corp.,TSX,Life Sciences,41932973.34
BRY.TO,Bri-Chem Corp.,TSX,Industrial Products & Services,9780202.97
BRE.TO,Bridgemarq Real Estate Services Inc.,TSX,Real Estate,47229573
BAM.TO,Brookfield Asset Management Ltd.,TSX,Financial Services,111086797072.91
BBUC.TO,Brookfield Business Corporation,TSX,Industrial Products & Services,8511875022.42
BN.TO,Brookfield Corporation,TSX,Financial Services,150332405805.53
BIPC.TO,Brookfield Infrastructure Corporation,TSX,Industrial Products & Services,7289299174.36
BIP.TO,Brookfield Infrastructure Partners L.P.,TSX,Industrial Products & Services,27306415783.08
BPO.TO,Brookfield Office Properties Inc.,TSX,Real Estate,2077798959.4
BPYP.TO,Brookfield Property Preferred L.P.,TSX,Real Estate,592016384.28
BPS.TO,Brookfield Property Split Corp.,TSX,Financial Services,34269504.97
BEPC.TO,Brookfield Renewable Corporation,TSX,Clean Technology & Renewable Energy,7058146612.06
BEP.TO,Brookfield Renewable Partners L.P.,TSX,Clean Technology & Renewable Energy,14402268098.44
BRF.TO,Brookfield Renewable Power Preferred Equity Inc.,TSX,Clean Technology & Renewable Energy,826905943.78
BNT.TO,Brookfield Wealth Solutions Ltd.,TSX,Financial Services,3978107085.97
DOO.TO,BRP Inc.,TSX,Consumer Products & Services,3257557665.48
HOM.TO,BSR Real Estate Investment Trust,TSX,Real Estate,398499450.16
BTB.TO,BTB Real Estate Investment Trust,TSX,Real Estate,379487324.63
BNKR.TO,Bunker Hill Mining Corp.,TSX,Mining,207713391.6
BU.TO,Burcon NutraScience Corporation,TSX,Clean Technology & Renewable Energy,22847295.6
CAE.TO,CAE Inc.,TSX,Technology,11621675418.56
CWL.TO,Caldwell Partners International Inc. (The),TSX,Industrial Products & Services,30649220.16
CFW.TO,Calfrac Well Services Ltd.,TSX,Industrial Products & Services,634928972.87
CGY.TO,Calian Group Ltd.,TSX,Technology,902783822.46
CCO.TO,Cameco Corporation,TSX,Mining,52690779678.44
CF.TO,Canaccord Genuity Group Inc.,TSX,Financial Services,1692776112
GOOS.TO,Canada Goose Holdings Inc.,TSX,Consumer Products & Services,582669446.03
CPKR.TO,Canada Packers Inc.,TSX,Consumer Products & Services,567684093.59
CAR.TO,Canadian Apartment Properties Real Estate Investment Trust,TSX,Real Estate,5283046028.86
CM.TO,Canadian Imperial Bank Of Commerce,TSX,Financial Services,152033795031.16
CNR.TO,Canadian National Railway Company,TSX,Industrial Products & Services,108023094767.75
CNQ.TO,Canadian Natural Resources Limited,TSX,Oil & Gas,138177176812.92
CP.TO,Canadian Pacific Kansas City Limited,TSX,Industrial Products & Services,109799519917.56
CTC.TO,Canadian Tire Corporation Limited,TSX,Consumer Products & Services,10743387983.4
CU.TO,Canadian Utilities Limited,TSX,Utilities & Pipelines,12921877885.64
CCM.TO,Canagold Resources Ltd.,TSX,Mining,111253878.32
CFP.TO,Canfor Corporation,TSX,Industrial Products & Services,1761289355.63
ICE.TO,Canlan Ice Sports Corp.,TSX,Real Estate,57349095.7
LOVE.TO,Cannara Biotech Inc.,TSX,Life Sciences,183734795.28
WEED.TO,Canopy Growth Corporation,TSX,Life Sciences,545698305.18
CPX.TO,Capital Power Corporation,TSX,Utilities & Pipelines,10828485848.83
CS.TO,Capstone Copper Corp.,TSX,Mining,10168169402.27
CSE.TO,Capstone Infrastructure Corporation,TSX,Clean Technology & Renewable Energy,69750000
CJ.TO,Cardinal Energy Ltd.,TSX,Oil & Gas,2135381018.24
CRDL.TO,Cardiol Therapeutics Inc.,TSX,Life Sciences,203957121.28
CRRX.TO,CareRx Corporation,TSX,Life Sciences,230578649.07
CJT.TO,Cargojet Inc.,TSX,Industrial Products & Services,1260696328.01
CUP.TO,"Caribbean Utilities Company, Ltd.",TSX,Utilities & Pipelines,615370547.68
CAS.TO,Cascades Inc.,TSX,Clean Technology & Renewable Energy,1366091044.47
CVVY.TO,Cavvy Energy Ltd.,TSX,Oil & Gas,553493133.39
CCL.TO,CCL Industries Inc.,TSX,Industrial Products & Services,15760587360.47
CLS.TO,Celestica Inc.,TSX,Technology,53336740232.82
CEMX.TO,CEMATRIX Corporation,TSX,Industrial Products & Services,73219467.16
CVE.TO,Cenovus Energy Inc.,TSX,Oil & Gas,78174942736.26
CG.TO,Centerra Gold Inc.,TSX,Mining,4726940717.9
CNT.TO,Century Global Commodities Corporation,TSX,Mining,4728219.4
CEU.TO,CES Energy Solutions Corp.,TSX,Industrial Products & Services,3439008508.58
GIB.TO,CGI Inc.,TSX,Technology,18854401570.68
CIA.TO,Champion Iron Limited,TSX,Mining,1943362819.34
CWEB.TO,"Charlotte's Web Holdings, Inc.",TSX,Life Sciences,86575977.92
CSH.TO,Chartwell Retirement Residences,TSX,Real Estate,7411570403.94
CHE.TO,Chemtrade Logistics Income Fund,TSX,Industrial Products & Services,1918472646.88
CGG.TO,China Gold International Resources Corp. Ltd.,TSX,Mining,12272969792.88
CHP.TO,Choice Properties Real Estate Investment Trust,TSX,Real Estate,5235267381.12
CHR.TO,Chorus Aviation Inc.,TSX,Industrial Products & Services,602765384
CGX.TO,Cineplex Inc.,TSX,Comm. & Media,1105155615.28
CPH.TO,Cipher Pharmaceuticals Inc.,TSX,Life Sciences,427735661.76
CVG.TO,Clairvest Group Inc.,TSX,Financial Services,1061041986.5
CKI.TO,Clarke Inc.,TSX,Industrial Products & Services,363131017.38
CLCH.TO,Clinch Resources Ltd.,TSX,Mining,374938056.15
CDE.TO,"Coeur Mining, Inc.",TSX,Mining,13400575972.85
CCA.TO,Cogeco Communications Inc.,TSX,Comm. & Media,1790536624.8
CGO.TO,Cogeco Inc.,TSX,Comm. & Media,468282330.88
CNL.TO,Collective Mining Ltd.,TSX,Mining,1604448831.1
CIGI.TO,Colliers International Group Inc.,TSX,Real Estate,6861417025.68
CMG.TO,Computer Modelling Group Ltd.,TSX,Technology,305737412.96
CDR.TO,Condor Energies Inc.,TSX,Oil & Gas,330476273.26
CFF.TO,Conifex Timber Inc.,TSX,Industrial Products & Services,4892125.2
CSU.TO,Constellation Software Inc.,TSX,Technology,64234173073.6
CTGO.TO,Contango Silver & Gold Inc.,TSX,Mining,697365077.64
CCS.TO,Co-operators General Insurance Company,TSX,Financial Services,93600000
COPR.TO,Coppernico Metals Inc.,TSX,Mining,59835931.54
CSW.TO,Corby Spirit and Wine Limited,TSX,Consumer Products & Services,461298046.48
CJR.TO,Corus Entertainment Inc.,TSX,Comm. & Media,7843331.04
CSCI.TO,COSCIENS Biopharma Inc.,TSX,Life Sciences,7536330.5
CVO.TO,Coveo Solutions Inc.,TSX,Technology,242913043.1
CRR.TO,Crombie Real Estate Investment Trust,TSX,Real Estate,1938131041.63
CRON.TO,Cronos Group Inc.,TSX,Life Sciences,1464367885.65
CRWN.TO,Crown Capital Partners Inc.,TSX,Financial Services,19154950.16
CRT.TO,CT Real Estate Investment Trust,TSX,Real Estate,2060527671.2
CIU.TO,CU Inc.,TSX,Utilities & Pipelines,163376000
CURA.TO,"Curaleaf Holdings, Inc.",TSX,Life Sciences,2896666846.48
CXI.TO,Currency Exchange International Corp.,TSX,Financial Services,173702729.58
CHLT.TO,Custom Health Holdings Inc.,TSX,Life Sciences,171786060.72
DTOL.TO,D2L Inc.,TSX,Technology,251598684.6
DCM.TO,Data Communications Management Corp.,TSX,Industrial Products & Services,180191710.08
DBO.TO,D-Box Technologies Inc.,TSX,Technology,271067617.84
DFY.TO,Definity Financial Corporation,TSX,Financial Services,9732912313.94
DML.TO,Denison Mines Corp.,TSX,Mining,3575472688.05
DSG.TO,Descartes Systems Group Inc. (The),TSX,Technology,9017617219.52
DXT.TO,Dexterra Group Inc.,TSX,Industrial Products & Services,973376936.9
DRT.TO,DIRTT Environmental Solutions Ltd.,TSX,Clean Technology & Renewable Energy,183745200.03
DSV.TO,Discovery Mining Ltd.,TSX,Mining,7121568151.25
DIV.TO,Diversified Royalty Corp.,TSX,Industrial Products & Services,985214043.3
DCBO.TO,Docebo Inc.,TSX,Technology,720702527.52
DOL.TO,Dollarama Inc.,TSX,Consumer Products & Services,51684450414.22
DBM.TO,Doman Building Materials Group Ltd.,TSX,Industrial Products & Services,987538308.75
DLCG.TO,Dominion Lending Centres Inc.,TSX,Financial Services,682529902.98
DII.TO,Dorel Industries Inc.,TSX,Consumer Products & Services,53431891.93
DPM.TO,DPM Metals Inc.,TSX,Mining,10843841402.24
MPCT.TO,Dream Impact Trust,TSX,Real Estate,99268659.84
DIR.TO,Dream Industrial Real Estate Investment Trust,TSX,Real Estate,4032814379.47
D.TO,Dream Office Real Estate Investment Trust,TSX,Real Estate,301461769.28
DRM.TO,DREAM Unlimited Corp.,TSX,Real Estate,799641057.6
DHT.TO,DRI Healthcare Trust,TSX,Life Sciences,951592063.95
DC.TO,Dundee Corporation,TSX,Financial Services,288352003.16
DND.TO,Dye & Durham Limited,TSX,Technology,59120475.92
DYA.TO,dynaCERT Inc.,TSX,Clean Technology & Renewable Energy,53370101.61
DNG.TO,Dynacor Group Inc.,TSX,Mining,259243410.96
EAGR.TO,East Side Games Group Inc.,TSX,Technology,8942263.16
ELR.TO,Eastern Platinum Limited,TSX,Mining,71067041.97
ECN.TO,ECN Capital Corp.,TSX,Financial Services,110820994.4
ECOR.TO,Ecora Royalties PLC,TSX,Mining,651458680.47
ECO.TO,EcoSynthetix Inc.,TSX,Clean Technology & Renewable Energy,161658532.75
ELF.TO,E-L Financial Corporation Limited,TSX,Financial Services,6121447300
ELD.TO,Eldorado Gold Corporation,TSX,Mining,11056443403.53
ELVA.TO,Electrovaya Inc.,TSX,Clean Technology & Renewable Energy,571811394
EFN.TO,Element Fleet Management Corp.,TSX,Industrial Products & Services,12315392758.24
ELE.TO,Elemental Royalty Corporation,TSX,Mining,1404802919.52
ELO.TO,Eloro Resources Ltd.,TSX,Mining,195595301.55
EMA.TO,Emera Incorporated,TSX,Utilities & Pipelines,24451199208.51
EMP.TO,Empire Company Limited,TSX,Consumer Products & Services,6457818824.94
ENB.TO,Enbridge Inc.,TSX,Utilities & Pipelines,173475239697.64
EDV.TO,Endeavour Mining plc,TSX,Mining,16031407427.48
EDR.TO,Endeavour Silver Corp.,TSX,Mining,3112478474.29
EFX.TO,Enerflex Ltd.,TSX,Industrial Products & Services,3812053037.52
EFR.TO,Energy Fuels Inc.,TSX,Mining,4013713385.22
ENGH.TO,Enghouse Systems Limited,TSX,Technology,930311757.62
ESI.TO,Ensign Energy Services Inc.,TSX,Industrial Products & Services,646361104.95
E.TO,"Enterprise Group, Inc.",TSX,Industrial Products & Services,125066289.04
EGLX.TO,Enthusiast Gaming Holdings Inc.,TSX,Technology,9985171.13
ETG.TO,Entree Resources Ltd.,TSX,Mining,506058546.84
EQB.TO,EQB Inc.,TSX,Financial Services,6043538551.57
EQX.TO,Equinox Gold Corp.,TSX,Mining,14662114988.08
ERD.TO,Erdene Resource Development Corporation,TSX,Mining,352711239.8
ERO.TO,Ero Copper Corp.,TSX,Mining,3925951106.12
EPRX.TO,Eupraxia Pharmaceuticals Inc.,TSX,Life Sciences,583870368.56
ESM.TO,Euro Sun Mining Inc.,TSX,Mining,60882250.455
ET.TO,Evertz Technologies Limited,TSX,Technology,1213122397.5
EIF.TO,Exchange Income Corporation,TSX,Financial Services,7079144031.9
XTC.TO,Exco Technologies Limited,TSX,Industrial Products & Services,313392038.96
EXE.TO,Extendicare Inc.,TSX,Real Estate,3372246236.52
FFH.TO,Fairfax Financial Holdings Limited,TSX,Financial Services,49142328549.24
FIH.TO,Fairfax India Holdings Corporation,TSX,Financial Services,1928047874
FDY.TO,Faraday Copper Corp.,TSX,Mining,1605542676.75
FRX.TO,Fennec Pharmaceuticals Inc.,TSX,Life Sciences,485220789.2
FSZ.TO,Fiera Capital Corporation,TSX,Financial Services,514158590.07
FTT.TO,Finning International Inc.,TSX,Industrial Products & Services,12105171274.7
FTG.TO,Firan Technology Group Corporation,TSX,Technology,577981034.4
FFM.TO,FireFly Metals Ltd.,TSX,Mining,1291560426.24
FC.TO,Firm Capital Mortgage Investment Corporation,TSX,Financial Services,548818994.15
FCD.TO,Firm Capital Property Trust,TSX,Real Estate,259956801.28
FCR.TO,First Capital Real Estate Investment Trust,TSX,Real Estate,4873881059.54
AG.TO,First Majestic Silver Corp.,TSX,Mining,10365499513.84
FF.TO,First Mining Gold Corp.,TSX,Mining,828358217.61
FM.TO,First Quantum Minerals Ltd.,TSX,Mining,32417250444.96
FSV.TO,FirstService Corporation,TSX,Real Estate,8719092552.17
MHC.TO,Flagship Communities Real Estate Investment Trust,TSX,Real Estate,417144204
FLNT.TO,FLINT Corp.,TSX,Industrial Products & Services,158401784.16
FAR.TO,Foraco International SA,TSX,Industrial Products & Services,229271653.38
FSY.TO,Forsys Metals Corp.,TSX,Mining,119915478.83
FTS.TO,Fortis Inc.,TSX,Utilities & Pipelines,42373338978.14
FVI.TO,Fortuna Mining Corp.,TSX,Mining,3495256740.47
FT.TO,Fortune Minerals Limited,TSX,Mining,83482966
FNV.TO,Franco-Nevada Corporation,TSX,Mining,57522685094.4
FVL.TO,Freegold Limited,TSX,Mining,560370716.9
FRU.TO,Freehold Royalties Ltd.,TSX,Oil & Gas,2807000918.08
FEC.TO,Frontera Energy Corporation,TSX,Oil & Gas,632673483.24
FURY.TO,Fury Gold Mines Limited,TSX,Mining,142599146.25
FMR.TO,Future Mineral Resources Inc.,TSX,Mining,4905859
GMIN.TO,G Mining Ventures Corp.,TSX,Mining,12656822344.35
GAU.TO,Galiano Gold Inc.,TSX,Mining,635223296.52
GENM.TO,Generation Mining Limited,TSX,Mining,193704145.8
GDC.TO,Genesis Land Development Corp.,TSX,Real Estate,198645853.89
GEO.TO,Geodrill Limited,TSX,Industrial Products & Services,114506619.2
WN.TO,George Weston Limited,TSX,Consumer Products & Services,40006652572.77
GFL.TO,GFL Environmental Inc.,TSX,Industrial Products & Services,20208088486.18
GEI.TO,Gibson Energy Inc.,TSX,Industrial Products & Services,5535269467.33
GIL.TO,Gildan Activewear Inc.,TSX,Consumer Products & Services,14370657088
GVC.TO,Glacier Media Inc.,TSX,Comm. & Media,44636737.82
GLO.TO,Global Atomic Corporation,TSX,Mining,264752380.44
GEC.TO,Global Education Communities Corp.,TSX,Consumer Products & Services,19235528.76
GLRA.TO,Global Real Assets Trust,TSX,Financial Services,41500000
GMX.TO,Globex Mining Enterprises Inc.,TSX,Mining,108305388.4
GO.TO,GO Residential Real Estate Investment Trust,TSX,Real Estate,358695440.8
GSY.TO,goeasy Ltd.,TSX,Financial Services,763524555.9
GGD.TO,GoGold Resources Inc.,TSX,Mining,1257080286.9
GRC.TO,Gold Springs Resource Corp.,TSX,Mining,19810944.44
AUMN.TO,Golden Minerals Company,TSX,Mining,5384518.68
GOLD.TO,GoldMining Inc.,TSX,Mining,251315026.56
XAU.TO,GoldMoney Inc.,TSX,Financial Services,180284060.04
GDL.TO,Goodfellow Inc.,TSX,Industrial Products & Services,93758970.2
FOOD.TO,Goodfood Market Corp.,TSX,Consumer Products & Services,9318720.14
GTE.TO,Gran Tierra Energy Inc.,TSX,Oil & Gas,371967843.2
GRT.TO,Granite Real Estate Investment Trust,TSX,Real Estate,5905139377.05
GWO.TO,Great-West Lifeco Inc.,TSX,Financial Services,86076160635.3
GFR.TO,Greenfire Resources Ltd.,TSX,Oil & Gas,1112551052.23
GFP.TO,GreenFirst Forest Products Inc.,TSX,Industrial Products & Services,43516309.24
MOLY.TO,Greenland Resources Inc.,TSX,Mining,174027361.2
GRN.TO,Greenlane Renewables Inc.,TSX,Clean Technology & Renewable Energy,34336048.895
GRGD.TO,Groupe Dynamite Inc.,TSX,Consumer Products & Services,1155226966.65
GCU.TO,Gunnison Copper Corp.,TSX,Mining,174403672.74
GURU.TO,GURU Organic Energy Corp.,TSX,Consumer Products & Services,113843545.2
HR.TO,H&R Real Estate Investment Trust,TSX,Real Estate,2916299078.8
HAI.TO,Haivision Systems Inc.,TSX,Technology,114799732.44
HMM.TO,Hammond Manufacturing Company Limited,TSX,Industrial Products & Services,190199880
HPS.TO,Hammond Power Solutions Inc.,TSX,Industrial Products & Services,2287953370.56
HWX.TO,Headwater Exploration Inc.,TSX,Oil & Gas,3150358120.25
AIDX.TO,HealWELL AI Inc.,TSX,Life Sciences,197305820.4
HFPC.TO,Helios Fairfax Partners Corporation,TSX,Financial Services,110765126.12
HBP.TO,Helix BioPharma Corp.,TSX,Life Sciences,114572656.5
HMMC.TO,Hemlo Mining Corp.,TSX,Mining,1505559437.44
HWO.TO,High Arctic Energy Services Inc.,TSX,Industrial Products & Services,11300293.51
HLF.TO,High Liner Foods Incorporated,TSX,Consumer Products & Services,412231701.12
HSLV.TO,Highlander Silver Corp.,TSX,Mining,1214736305.46
HIVE.TO,HIVE Digital Technologies Ltd.,TSX,Technology,1069141597.16
HLS.TO,HLS Therapeutics Inc.,TSX,Life Sciences,131331610.2
HBM.TO,HudBay Minerals Inc.,TSX,Mining,14128244815.6
HUT.TO,Hut 8 Corp.,TSX,Technology,18578306140
H.TO,Hydro One Limited,TSX,Utilities & Pipelines,35045607568
IAU.TO,i-80 Gold Corp.,TSX,Mining,1575941063.06
IAG.TO,iA Financial Corporation,TSX,Financial Services,18319536564.84
IMG.TO,IAMGold Corporation,TSX,Mining,11394503224.96
IFA.TO,iFabric Corp.,TSX,Consumer Products & Services,178930198.3
IGM.TO,IGM Financial Inc.,TSX,Financial Services,20178843042
ILLM.TO,illumin Holdings Inc.,TSX,Technology,31488703.8
III.TO,Imperial Metals Corporation,TSX,Mining,1282886395.2
IMO.TO,Imperial Oil Limited,TSX,Oil & Gas,87892975951.25
INO.TO,Inovalis Real Estate Investment Trust,TSX,Real Estate,26459324.64
IPO.TO,InPlay Oil Corp.,TSX,Oil & Gas,423307568.04
IFC.TO,Intact Financial Corporation,TSX,Financial Services,50039983080.25
IFP.TO,Interfor Corporation,TSX,Industrial Products & Services,809591166.81
IMP.TO,Intermap Technologies Corporation,TSX,Technology,72537664
IPCO.TO,International Petroleum Corporation,TSX,Oil & Gas,3565325363.2
ITH.TO,International Tower Hill Mines Ltd.,TSX,Mining,646244558.31
IVQ.TO,Invesque Inc.,TSX,Real Estate,82216695.33
ISO.TO,IsoEnergy Ltd.,TSX,Mining,850291256.84
IE.TO,Ivanhoe Electric Inc.,TSX,Mining,1994878237.5
IVN.TO,Ivanhoe Mines Ltd.,TSX,Mining,14363577217.7
JAG.TO,Jaguar Mining Inc.,TSX,Mining,459933340.79
JWEL.TO,Jamieson Wellness Inc.,TSX,Consumer Products & Services,1715510771.4
JOY.TO,Journey Energy Inc.,TSX,Oil & Gas,303665332.5
KNT.TO,K92 Mining Inc.,TSX,Mining,5526400011.72
KRN.TO,Karnalyte Resources Inc.,TSX,Mining,14653095.05
KBL.TO,K-Bro Linen Inc.,TSX,Industrial Products & Services,616439322.6
KEEL.TO,Keel Infrastructure Corp.,TSX,Technology,3441387477.06
KLS.TO,Kelso Technologies Inc.,TSX,Industrial Products & Services,7293011.05
KEL.TO,Kelt Exploration Ltd.,TSX,Oil & Gas,2025628364.52
KEY.TO,Keyera Corp.,TSX,Utilities & Pipelines,17477368235.44
KMP.TO,Killam Apartment Real Estate Investment Trust,TSX,Real Estate,2241073428.88
KXS.TO,Kinaxis Inc.,TSX,Technology,4577846112
K.TO,Kinross Gold Corporation,TSX,Mining,38339302300.48
KITS.TO,Kits Eyecare Ltd.,TSX,Consumer Products & Services,441411203.09
KSI.TO,"kneat.com, inc.",TSX,Technology,625543176.68
GUD.TO,Knight Therapeutics Inc.,TSX,Life Sciences,966519732
KEI.TO,Kolibri Global Energy Inc.,TSX,Oil & Gas,261042145.4
KPT.TO,KP Tissue Inc.,TSX,Clean Technology & Renewable Energy,129758580.34
LIF.TO,Labrador Iron Ore Royalty Corporation,TSX,Mining,1712000000
LAM.TO,Laramide Resources Ltd.,TSX,Mining,139358695
LGO.TO,Largo Inc.,TSX,Mining,87663723.2
LAS.TO,Lassonde Industries Inc.,TSX,Consumer Products & Services,666525420
LB.TO,Laurentian Bank Of Canada,TSX,Financial Services,1933057915.08
LNF.TO,Leon's Furniture Limited,TSX,Consumer Products & Services,1691971609.46
LGD.TO,Liberty Gold Corp.,TSX,Mining,738405207
LSPD.TO,Lightspeed Commerce Inc.,TSX,Technology,1885310775.32
LNR.TO,Linamar Corporation,TSX,Industrial Products & Services,6112573125.68
LAC.TO,Lithium Americas Corp.,TSX,Mining,1450977702.26
LAR.TO,Lithium Argentina AG,TSX,Mining,1370436477.15
L.TO,Loblaw Companies Limited,TSX,Consumer Products & Services,76117325145.56
LUC.TO,Lucara Diamond Corp.,TSX,Mining,231407588.365
LMCU.TO,Lumina Metals Corp.,TSX,Mining,956107802.98
LUG.TO,Lundin Gold Inc.,TSX,Mining,18980921091.71
LUN.TO,Lundin Mining Corporation,TSX,Mining,29633057400.57
LUNR.TO,LunR Royalties Corp.,TSX,Mining,2242510724.3
MPC.TO,Madison Pacific Properties Inc.,TSX,Real Estate,284359545.45
MAL.TO,Magellan Aerospace Corporation,TSX,Industrial Products & Services,1978360011.64
MG.TO,Magna International Inc.,TSX,Industrial Products & Services,25707484704.44
NICU.TO,Magna Mining Inc.,TSX,Mining,551901968.2
MEQ.TO,Mainstreet Equity Corp.,TSX,Real Estate,1642934357.4
MDI.TO,Major Drilling Group International Inc.,TSX,Industrial Products & Services,1144729101.12
MFC.TO,Manulife Financial Corporation,TSX,Financial Services,105967452510.9
MFI.TO,Maple Leaf Foods Inc.,TSX,Consumer Products & Services,3568020570.4
MARI.TO,Marimaca Copper Corp.,TSX,Mining,961059451.2
MRE.TO,Martinrea International Inc.,TSX,Industrial Products & Services,713042794.21
MATR.TO,Mattr Corp.,TSX,Industrial Products & Services,1053084693.4
MXG.TO,Maxim Power Corp.,TSX,Utilities & Pipelines,264925525.17
MKP.TO,MCAN Mortgage Corporation,TSX,Financial Services,964547495.38
MCB.TO,McCoy Global Inc.,TSX,Industrial Products & Services,59247662.86
MUX.TO,McEwen Inc.,TSX,Mining,1454983077.93
MDA.TO,MDA Space Ltd.,TSX,Technology,6880983002.32
MDP.TO,Medexus Pharmaceuticals Inc.,TSX,Life Sciences,160768928.66
DR.TO,Medical Facilities Corporation,TSX,Real Estate,283074597.54
MDNA.TO,Medicenna Therapeutics Corp.,TSX,Life Sciences,33228072.36
LABS.TO,MediPharm Labs Corp.,TSX,Life Sciences,32038286.55
MGA.TO,Mega Uranium Ltd.,TSX,Mining,200148332.28
MRD.TO,Melcor Developments Ltd.,TSX,Real Estate,564910975.2
MER.TO,Meren Energy Inc.,TSX,Oil & Gas,1365752920.14
MNO.TO,Meridian Mining PLC,TSX,Mining,730678636.5
MTEK.TO,Metatek-Group Ltd.,TSX,Technology,146202636.69
MX.TO,Methanex Corporation,TSX,Industrial Products & Services,6027449730.33
MRU.TO,Metro Inc.,TSX,Consumer Products & Services,19533337936.08
MBX.TO,Microbix Biosystems Inc.,TSX,Life Sciences,40488353.52
MSV.TO,Minco Silver Corporation,TSX,Mining,54846323.87
MSA.TO,Mineros S.A.,TSX,Mining,2052483598.66
MAI.TO,Mining Americas Inc.,TSX,Mining,491473362.06
MI.TO,Minto Apartment Real Estate Investment Trust,TSX,Real Estate,657217099.5
TPX.TO,Molson Coors Canada Inc.,TSX,Consumer Products & Services,600165893.5
MAU.TO,Montage Gold Corp.,TSX,Mining,6395578480.46
MRC.TO,Morguard Corporation,TSX,Real Estate,1195966016
MRG.TO,Morguard North American Residential Real Estate Investment Trust,TSX,Real Estate,625945096.25
MRT.TO,Morguard Real Estate Investment Trust,TSX,Real Estate,620287732.98
MTY.TO,MTY Food Group Inc.,TSX,Consumer Products & Services,782316614.25
MTL.TO,Mullen Group Ltd.,TSX,Industrial Products & Services,2649516299.21
NANO.TO,Nano One Materials Corp.,TSX,Clean Technology & Renewable Energy,87444569.86
GRA.TO,NanoXplore Inc.,TSX,Clean Technology & Renewable Energy,288564953.28
NA.TO,National Bank of Canada,TSX,Financial Services,88882174866
NEO.TO,Neo Performance Materials Inc.,TSX,Industrial Products & Services,1516137546
AIAI.TO,NetraMark Holdings Inc.,TSX,Life Sciences,74118959.2
NUAG.TO,New Pacific Metals Corp.,TSX,Mining,1201993585.76
NXE.TO,NexGen Energy Ltd.,TSX,Mining,8580183714.82
NEXT.TO,NextSource Materials Inc.,TSX,Mining,68445504.4
NXR.TO,Nexus Industrial REIT,TSX,Real Estate,600348895.89
NFI.TO,NFI Group Inc.,TSX,Clean Technology & Renewable Energy,3346238558.78
GASX.TO,NG Energy International Corp.,TSX,Oil & Gas,376109393.56
NGEX.TO,NGEx Minerals Ltd.,TSX,Mining,5432312439
NOA.TO,North American Construction Group Ltd.,TSX,Industrial Products & Services,532142569.58
NWC.TO,North West Company Inc. (The),TSX,Consumer Products & Services,2418877548
NCF.TO,Northcliff Resources Ltd.,TSX,Mining,185973303.51
NDM.TO,Northern Dynasty Minerals Ltd.,TSX,Mining,1101758457.52
NPI.TO,Northland Power Inc.,TSX,Clean Technology & Renewable Energy,5855235333.22
NRR.TO,Northview Residential REIT,TSX,Real Estate,64949353.56
NOU.TO,Nouveau Monde Graphite Inc.,TSX,Mining,598988080.6
NG.TO,Novagold Resources Inc.,TSX,Mining,3580449810.24
NVO.TO,Novo Resources Corp.,TSX,Mining,25956151.14
NTR.TO,Nutrien Ltd.,TSX,Mining,46284911357
SFD.TO,NXT Energy Solutions Inc.,TSX,Technology,43032180.24
OBE.TO,Obsidian Energy Ltd.,TSX,Oil & Gas,1004768100
OGC.TO,OceanaGold Corporation,TSX,Mining,7518726277.4
OLY.TO,Olympia Financial Group Inc.,TSX,Financial Services,254445968.64
ONEX.TO,ONEX Corporation,TSX,Financial Services,8177857192.56
OTEX.TO,Open Text Corporation,TSX,Technology,8605174388.4
OR.TO,OR Royalties Inc.,TSX,Mining,7803070183.98
OGD.TO,Orbit Garant Drilling Inc.,TSX,Industrial Products & Services,48579327.53
ORE.TO,Orezone Gold Corporation,TSX,Mining,1427849250.64
OGI.TO,Organigram Global Inc.,TSX,Life Sciences,184677717.67
ORIO.TO,Orion Digital Corp.,TSX,Financial Services,21266395.14
OLA.TO,Orla Mining Ltd.,TSX,Mining,4338739642.38
ORV.TO,Orvana Minerals Corp.,TSX,Mining,256851561.48
OM.TO,Osisko Metals Incorporated,TSX,Mining,1223381140.59
OCG.TO,Outcrop Silver & Gold Corporation,TSX,Mining,133101335.43
OVV.TO,Ovintiv Inc.,TSX,Oil & Gas,24210584859.76
PDN.TO,Paladin Energy Ltd.,TSX,Mining,4107135967.94
PAAS.TO,Pan American Silver Corp.,TSX,Mining,25174615914.6
POU.TO,Paramount Resources Ltd.,TSX,Oil & Gas,4318242630.02
PXT.TO,Parex Resources Inc.,TSX,Oil & Gas,2335256567.12
PSI.TO,Pason Systems Inc.,TSX,Industrial Products & Services,962739534
PPL.TO,Pembina Pipeline Corporation,TSX,Utilities & Pipelines,41843151203.8
PPTA.TO,Perpetua Resources Corp.,TSX,Mining,3224969801.34
PRU.TO,Perseus Mining Limited,TSX,Mining,6237518017.1
PET.TO,Pet Valu Holdings Ltd.,TSX,Consumer Products & Services,1331090159.62
TAL.TO,PetroTal Corp.,TSX,Oil & Gas,446359200.765
PRQ.TO,Petrus Resources Ltd.,TSX,Oil & Gas,257926179.21
PEY.TO,Peyto Exploration & Development Corp.,TSX,Oil & Gas,5292126870.93
PCA.TO,Phoenix Metals Corp.,TSX,Mining,103591149
PHX.TO,PHX Energy Services Corp.,TSX,Industrial Products & Services,486933258.56
PNE.TO,Pine Cliff Energy Ltd.,TSX,Oil & Gas,197337407.3
PNP.TO,Pinetree Capital Ltd.,TSX,Financial Services,84483000
PZA.TO,Pizza Pizza Royalty Corp.,TSX,Consumer Products & Services,310437923.12
PTM.TO,Platinum Group Metals Ltd.,TSX,Mining,230193201.6
PLZ.TO,Plaza Retail REIT,TSX,Real Estate,575541494.57
PMET.TO,PMET Resources Inc.,TSX,Mining,760506056.09
PIF.TO,Polaris Renewable Energy Inc.,TSX,Clean Technology & Renewable Energy,315478531.8
PBL.TO,Pollard Banknote Limited,TSX,Consumer Products & Services,469624057.15
PNC.TO,Postmedia Network Canada Corp.,TSX,Comm. & Media,89147809.56
POW.TO,Power Corporation of Canada,TSX,Financial Services,61109619083
PWF.TO,Power Financial Corporation,TSX,Financial Services,2633024000
PPR.TO,Prairie Provident Resources Inc.,TSX,Oil & Gas,21041390.7
PSK.TO,PrairieSky Royalty Ltd.,TSX,Oil & Gas,8058783381.85
PD.TO,Precision Drilling Corporation,TSX,Industrial Products & Services,1400938196
PDI.TO,Predictive Discovery Limited,TSX,Mining,3033974356.56
PBH.TO,Premium Brands Holdings Corporation,TSX,Consumer Products & Services,5503758732.69
PMZ.TO,Primaris Real Estate Investment Trust,TSX,Real Estate,2705005556.14
PRV.TO,PRO Real Estate Investment Trust,TSX,Real Estate,605640060.9
PRN.TO,Profound Medical Corp.,TSX,Life Sciences,377219268.6
PRL.TO,Propel Holdings Inc.,TSX,Technology,969753172.35
PSD.TO,Pulse Seismic Inc.,TSX,Industrial Products & Services,162287542.4
PYR.TO,PyroGenesis Inc.,TSX,Clean Technology & Renewable Energy,39530194.725
QTRH.TO,Quarterhill Inc.,TSX,Technology,397166863.11
QBR.TO,Quebecor Inc.,TSX,Comm. & Media,14874525600.79
QRC.TO,Queen's Road Capital Investment Ltd.,TSX,Financial Services,758890748
QEC.TO,Questerre Energy Corporation,TSX,Oil & Gas,119836565.31
RBA.TO,"RB Global, Inc.",TSX,Industrial Products & Services,28466483375.68
REAL.TO,Real Matters Inc.,TSX,Technology,356588716.8
QSR.TO,Restaurant Brands International Inc.,TSX,Consumer Products & Services,36206348163.84
QSP.TO,Restaurant Brands International Limited Partnership,TSX,Consumer Products & Services,10741370095.61
RVX.TO,Resverlogix Corp.,TSX,Life Sciences,32672030.355
RFA.TO,RFA Financial Inc.,TSX,Financial Services,1338406390.45
RIC.TO,Richards Group Inc.,TSX,Industrial Products & Services,321782952.86
RCH.TO,Richelieu Hardware Ltd.,TSX,Industrial Products & Services,1944582500.52
RIO.TO,Rio2 Limited,TSX,Mining,1426022475.8
REI.TO,Riocan Real Estate Investment Trust,TSX,Real Estate,6445890471.92
RGSI.TO,Rockpoint Gas Storage Inc.,TSX,Industrial Products & Services,1398427575.48
RCI.TO,Rogers Communications Inc.,TSX,Comm. & Media,25810260722.68
RSI.TO,Rogers Sugar Inc.,TSX,Consumer Products & Services,1084550097.81
ROOT.TO,Roots Corporation,TSX,Consumer Products & Services,132878389.35
RM.TO,Roxmore Resources Inc.,TSX,Mining,204224297.76
RY.TO,Royal Bank of Canada,TSX,Financial Services,407219450492.7
RTG.TO,RTG Mining Inc.,TSX,Mining,66909689.385
RUA.TO,Rua Gold Inc.,TSX,Mining,132165775.15
RBY.TO,Rubellite Energy Corp.,TSX,Oil & Gas,438303033.7
RUS.TO,Russel Metals Inc.,TSX,Industrial Products & Services,3693028341.3
MIC.TO,Sagen MI Canada Inc.,TSX,Financial Services,94400000
SFC.TO,Sagicor Financial Company Ltd.,TSX,Financial Services,1191552704.23
SLT.TO,Saltire Capital Ltd.,TSX,Financial Services,17512881.75
STC.TO,Sangoma Technologies Corporation,TSX,Technology,181369405.5
SAP.TO,Saputo Inc.,TSX,Consumer Products & Services,15740200296.45
MSCL.TO,Satellos Bioscience Inc.,TSX,Life Sciences,291738790
SOIL.TO,Saturn Oil & Gas Inc.,TSX,Oil & Gas,959157366.16
SIS.TO,Savaria Corporation,TSX,Industrial Products & Services,2100192174.08
SEA.TO,Seabridge Gold Inc.,TSX,Mining,3898455880.02
SES.TO,Secure Waste Infrastructure Corp.,TSX,Industrial Products & Services,5267725285.92
SEC.TO,Senvest Capital Inc.,TSX,Financial Services,933961770
SBI.TO,Serabi Gold plc,TSX,Mining,357883394.4
SVA.TO,Sernova Biotherapeutics Inc.,TSX,Life Sciences,41540675.99
S.TO,Sherritt International Corporation,TSX,Mining,98555439.36
SHOP.TO,Shopify Inc.,TSX,Technology,198877044986.92
SIA.TO,Sienna Senior Living Inc.,TSX,Real Estate,2469118512.33
SVB.TO,"Silver Bull Resources, Inc.",TSX,Mining,7400682.3
ELEF.TO,Silver Elephant Mining Corp.,TSX,Mining,6895403.16
AGMR.TO,Silver Mountain Resources Inc.,TSX,Mining,187384878.82
SLVR.TO,Silver Tiger Metals Inc.,TSX,Mining,429947855.26
SVM.TO,Silvercorp Metals Inc.,TSX,Mining,2882318206.27
SRV.TO,SIR Royalty Income Fund,TSX,Consumer Products & Services,136354230.76
SKE.TO,Skeena Resources Limited,TSX,Mining,4629867893.2
SGR.TO,Slate Grocery REIT,TSX,Real Estate,1032716781.72
SRU.TO,SmartCentres Real Estate Investment Trust,TSX,Real Estate,4276144655.85
SGD.TO,Snowline Gold Corp.,TSX,Mining,2370730759.5
SLS.TO,Solaris Resources Inc.,TSX,Mining,1760934895.88
SLR.TO,Solitario Resources Corp.,TSX,Mining,95687657.58
SFI.TO,Solution Financial Inc.,TSX,Consumer Products & Services,22816693.71
SHLE.TO,Source Energy Services Ltd.,TSX,Industrial Products & Services,150379325.25
SOBO.TO,South Bow Corporation,TSX,Utilities & Pipelines,10842410841.46
SXGC.TO,Southern Cross Gold Consolidated Ltd.,TSX,Mining,2424122784
SDE.TO,Spartan Delta Corp.,TSX,Oil & Gas,2441248455.1
EDT.TO,Spectral Medical Inc.,TSX,Life Sciences,408040023.86
TOY.TO,Spin Master Corp.,TSX,Consumer Products & Services,652662883.32
SII.TO,Sprott Inc.,TSX,Financial Services,3707564246.24
SSRM.TO,SSR Mining Inc.,TSX,Mining,7397218519.04
SAU.TO,St. Augustine Gold and Copper Limited,TSX,Mining,308012080.155
STCK.TO,Stack Capital Group Inc.,TSX,Financial Services,270819348.58
STN.TO,Stantec Inc.,TSX,Industrial Products & Services,11119702617.79
DIAM.TO,Star Diamond Corporation,TSX,Mining,15478281.8
SAM.TO,Starcore International Mines Ltd.,TSX,Mining,39032826.75
SJ.TO,Stella-Jones Inc.,TSX,Industrial Products & Services,4220260272.18
STGO.TO,Steppe Gold Ltd.,TSX,Mining,305920896.27
RAY.TO,Stingray Group Inc.,TSX,Comm. & Media,854106825.2
STLR.TO,STLLR Gold Inc.,TSX,Mining,195635447.94
SVI.TO,StorageVault Canada Inc.,TSX,Real Estate,2023552791.8
STG.TO,STRACON Group Holding Inc.,TSX,Industrial Products & Services,551192443.88
SCR.TO,Strathcona Resources Ltd.,TSX,Oil & Gas,9109298052.16
SLF.TO,Sun Life Financial Inc.,TSX,Financial Services,65976187701.02
SU.TO,Suncor Energy Inc.,TSX,Oil & Gas,111155385794.58
SPB.TO,Superior Plus Corp.,TSX,Utilities & Pipelines,1712259486.84
SXP.TO,Supremex Inc.,TSX,Consumer Products & Services,89948642.8
SGY.TO,Surge Energy Inc.,TSX,Oil & Gas,1077613561.65
SWP.TO,Swiss Water Decaffeinated Coffee Inc.,TSX,Consumer Products & Services,53429122.14
SYZ.TO,Sylogist Ltd.,TSX,Technology,77185604.1
TBL.TO,Taiga Building Products Ltd.,TSX,Industrial Products & Services,391838618.49
TSK.TO,Talisker Resources Ltd.,TSX,Mining,233870822.9
TLO.TO,Talon Metals Corp.,TSX,Mining,814478087.19
TVE.TO,Tamarack Valley Energy Ltd.,TSX,Oil & Gas,6381515317.14
GRID.TO,Tantalus Systems Holding Inc.,TSX,Clean Technology & Renewable Energy,262405173
TRP.TO,TC Energy Corporation,TSX,Utilities & Pipelines,100490867421.74
TECK.TO,Teck Resources Limited,TSX,Mining,41385740897.8
TCS.TO,TECSYS Inc.,TSX,Technology,481967766.54
TSAT.TO,Telesat Corporation,TSX,Technology,786596340.19
T.TO,TELUS Corporation,TSX,Comm. & Media,21067818999.18
TELY.TO,TelyRx Holdings Inc.,TSX,Life Sciences,72505050.75
TNZ.TO,Tenaz Energy Corp.,TSX,Oil & Gas,1811138610.56
TGO.TO,TeraGo Inc.,TSX,Comm. & Media,54259513.19
TSND.TO,TerrAscend Corp.,TSX,Life Sciences,216422952.9
TVK.TO,TerraVest Industries Inc.,TSX,Industrial Products & Services,2447466849.4
TFII.TO,TFI International Inc.,TSX,Industrial Products & Services,15566538141.09
THNC.TO,Thinkific Labs Inc.,TSX,Technology,80866959.6
TRI.TO,Thomson Reuters Corporation,TSX,Comm. & Media,59994223697.52
TWM.TO,Tidewater Midstream and Infrastructure Ltd.,TSX,Industrial Products & Services,562225460.6
LCFS.TO,Tidewater Renewables Ltd.,TSX,Clean Technology & Renewable Energy,604649351.2
TLRY.TO,"Tilray Brands, Inc.",TSX,Consumer Products & Services,608953925.1
TF.TO,Timbercreek Financial Corp.,TSX,Financial Services,650456956.8
TINY.TO,Tiny Ltd.,TSX,Technology,176723851.14
TI.TO,Titan Mining Corporation,TSX,Mining,272195896.5
X.TO,TMX Group Limited,TSX,Financial Services,14120135422.68
TPZ.TO,Topaz Energy Corp.,TSX,Oil & Gas,4899972893.85
TXG.TO,Torex Gold Resources Inc.,TSX,Mining,5004696998.6
TIH.TO,Toromont Industries Ltd.,TSX,Industrial Products & Services,17198659893.69
TD.TO,Toronto-Dominion Bank (The),TSX,Financial Services,277643527707.4
TOT.TO,Total Energy Services Inc.,TSX,Industrial Products & Services,860132000
TXP.TO,Touchstone Exploration Inc.,TSX,Oil & Gas,59552541.765
TOU.TO,Tourmaline Oil Corp.,TSX,Oil & Gas,24058331680.37
TA.TO,TransAlta Corporation,TSX,Utilities & Pipelines,6497748800.82
TRZ.TO,Transat A.T. Inc.,TSX,Consumer Products & Services,92735032
TCL.TO,Transcontinental Inc.,TSX,Comm. & Media,469910456.58
TSL.TO,Tree Island Steel Ltd.,TSX,Industrial Products & Services,55052557.23
TKO.TO,Trekor Metals Limited,TSX,Mining,3460754798.82
TCW.TO,Trican Well Service Ltd.,TSX,Industrial Products & Services,1239254971.2
TMQ.TO,Trilogy Metals Inc.,TSX,Mining,754242942.43
TFPM.TO,Triple Flag Precious Metals Corp.,TSX,Mining,8295742058.37
TSU.TO,Trisura Group Ltd.,TSX,Financial Services,1976307615.18
TLG.TO,Troilus Mining Corp.,TSX,Mining,898087289.4
TNT.TO,True North Commercial Real Estate Investment Trust,TSX,Real Estate,120268865.7
TRX.TO,TRX Gold Corporation,TSX,Mining,361157670.5
TC.TO,Tucows Inc.,TSX,Technology,242528769.03
TVA.TO,TVA Group Inc.,TSX,Comm. & Media,89825585.85
TWC.TO,TWC Enterprises Limited,TSX,Consumer Products & Services,643692912.28
UNI.TO,Unisync Corp.,TSX,Consumer Products & Services,45629349.6
URB.TO,Urbana Corporation,TSX,Financial Services,356214154
URE.TO,Ur-Energy Inc.,TSX,Mining,683501857.72
VLE.TO,Valeura Energy Inc.,TSX,Oil & Gas,1329794948.08
VGC.TO,Valor Gold Corp.,TSX,Mining,182600000
VCM.TO,Vecima Networks Inc.,TSX,Technology,315846576.06
VLN.TO,Velan Inc.,TSX,Industrial Products & Services,151226402.6
NPK.TO,Verde Agritech Ltd,TSX,Mining,39510606.8
VET.TO,Vermilion Energy Inc.,TSX,Oil & Gas,2551178678.16
VBNK.TO,VersaBank,TSX,Financial Services,874449353.4
VMET.TO,Versamet Royalties Corporation,TSX,Mining,1340779526.24
FORA.TO,VerticalScope Holdings Inc.,TSX,Technology,50584796.33
VRTS.TO,Vertiqal Studios Corp.,TSX,Comm. & Media,4294587.095
VGZ.TO,Vista Gold Corp.,TSX,Mining,353250657.32
VITL.TO,Vital Infrastructure Property Trust,TSX,Real Estate,1642217156.01
VHI.TO,Vitalhub Corp.,TSX,Technology,433752874.92
VZLA.TO,Vizsla Silver Corp.,TSX,Mining,1548485200.92
FLT.TO,Volatus Aerospace Inc.,TSX,Technology,352031554.16
VOXR.TO,Vox Royalty Corp.,TSX,Mining,431299844.91
WJX.TO,Wajax Corporation,TSX,Industrial Products & Services,712945905.1
WFC.TO,Wall Financial Corporation,TSX,Real Estate,601686059.2
WM.TO,Wallbridge Mining Company Limited,TSX,Mining,155622241.585
WCN.TO,"Waste Connections, Inc.",TSX,Industrial Products & Services,59260240218.12
WELL.TO,WELL Health Technologies Corp.,TSX,Life Sciences,1102056987.48
WDO.TO,Wesdome Gold Mines Ltd.,TSX,Mining,3833486503.02
WFG.TO,West Fraser Timber Co. Ltd.,TSX,Industrial Products & Services,6901308388.32
WRN.TO,Western Copper and Gold Corporation,TSX,Mining,641381771.68
WRG.TO,Western Energy Services Corp.,TSX,Industrial Products & Services,115100805.2
WEF.TO,Western Forest Products Inc.,TSX,Industrial Products & Services,190891948.64
WRX.TO,Western Resources Corp.,TSX,Mining,16356619.12
WGX.TO,Westgold Resources Limited,TSX,Mining,4303677177.48
WPRT.TO,Westport Fuel Systems Inc.,TSX,Clean Technology & Renewable Energy,47109420.32
WTE.TO,Westshore Terminals Investment Corporation,TSX,Industrial Products & Services,2476967616.6
WPM.TO,Wheaton Precious Metals Corp.,TSX,Mining,69250311920.64
WCP.TO,Whitecap Resources Inc.,TSX,Oil & Gas,20107752347.3
WILD.TO,WildBrain Ltd.,TSX,Comm. & Media,286458919.2
WCM.TO,Wilmington Capital Management Inc.,TSX,Financial Services,33914597.35
WPK.TO,Winpak Ltd.,TSX,Industrial Products & Services,2579390125
WSP.TO,WSP Global Inc.,TSX,Industrial Products & Services,23090045247.72
XNDU.TO,Xanadu Quantum Technologies Limited,TSX,Technology,795817408.6
XTRA.TO,Xtract One Technologies Inc.,TSX,Technology,143034826
XTG.TO,Xtra-Gold Resources Corp.,TSX,Mining,109310054.95
YGR.TO,Yangarra Resources Ltd.,TSX,Oil & Gas,146777341.9
Y.TO,Yellow Pages Limited,TSX,Comm. & Media,153430128.39
YRB.TO,Yorbeau Resources Inc.,TSX,Mining,23766916.5
ONE.V,01 Quantum Inc.,TSXV,Technology,43814554.4
EFF.V,1844 Resources Inc.,TSXV,Mining,3558986.05
AUMB.V,1911 Gold Corporation,TSXV,Mining,183365443.92
FNR.V,49 North Resources Inc.,TSXV,Financial Services,3324766.2
ACL.V,A.C.L. Construction Ltd.,TSXV,Industrial Products & Services,10660700.73
AIS.V,A.I.S. Resources Limited,TSXV,Mining,7140228.91
AUAU.V,A2 Gold Corp.,TSXV,Mining,83916165.68
AME.V,Abacus Mining & Exploration Corporation,TSXV,Mining,4686406.575
ABA.V,Abasca Resources Inc.,TSXV,Mining,13531753.64
ABI.V,Abcourt Mines Inc.,TSXV,Mining,83555410.4
ABM.V,Aben Gold Corp.,TSXV,Mining,5950683.74
ABC.V,Absolutely Critical Resources Corp.,TSXV,Mining,945252.775
ACDC.V,AC/DC Battery Metals Inc.,TSXV,Mining,2075401.76
AXE.V,Acceleware Ltd.,TSXV,Clean Technology & Renewable Energy,13597240.655
ADZ.V,Adamera Minerals Corp.,TSXV,Mining,6429232.92
ADE.V,Adex Mining Inc.,TSXV,Mining,91423544.535
AWI.V,Advent-AWI Holdings Inc.,TSXV,Technology,6206466.76
ADYA.V,Adya Inc.,TSXV,Comm. & Media,7910536.235
ADY.V,Adyton Resources Corporation,TSXV,Mining,78760471.25
AEF.V,AE Fuels Corporation,TSXV,Mining,5946692.64
ALTN.V,Aeonian Resources Corp.,TSXV,Mining,5297932.5
AQS.V,Aequus Pharmaceuticals Inc.,TSXV,Life Sciences,663172.155
AFE.V,Africa Energy Corp.,TSXV,Oil & Gas,81457616.5
AAG.V,Aftermath Silver Ltd.,TSXV,Mining,225806534.58
AGET.V,AGEDB Technology Ltd.,TSXV,Technology,1783110
AUTO.V,Agereh Technologies Inc.,TSXV,Technology,4613661.64
AIVC.V,AI Artificial Intelligence Ventures Inc.,TSXV,Financial Services,6725345.13
AIP.V,AIP Realty Trust,TSXV,Real Estate,1723556.8
IQ.V,AirIQ Inc.,TSXV,Technology,14177795.52
AISX.V,Aisix Solutions Inc.,TSXV,Technology,2786262.87
AJA.V,Aja Health and Wellness Inc.,TSXV,Life Sciences,3034070.97
AML.V,Akwaaba Mining Ltd.,TSXV,Mining,2047232.88
AEMC.V,Alaska Energy Metals Corporation,TSXV,Mining,13483521.6
WAM.V,Alaska Silver Corp.,TSXV,Mining,57004256
ALCH.V,Alchemy Labs Inc.,TSXV,Technology,53458137.6
ALDE.V,Aldebaran Resources Inc.,TSXV,Mining,521782302.71
ALGR.V,Algo Grande Copper Corp.,TSXV,Mining,20534776.81
ALM.V,Alliance Mining Corp.,TSXV,Mining,2844037.96
AMM.V,Almaden Minerals Ltd.,TSXV,Mining,33653979.345
DEX.V,Almadex Minerals Ltd.,TSXV,Mining,23604695.73
AORO.V,Aloro Mining Corp.,TSXV,Mining,577292.63
ALEX.V,Alpha Exploration Ltd.,TSXV,Mining,54957972.81
AFM.V,Alphamin Resources Corp.,TSXV,Mining,1893028484.13
GPUS.V,Alset AI Ventures Inc.,TSXV,Financial Services,2335342.24
AVX.V,Altair Resources Inc.,TSXV,Mining,286333.12
ALTA.V,Altamira Gold Corp.,TSXV,Mining,50431868.84
ARH.V,Altima Energy Inc.,TSXV,Oil & Gas,36780466.64
APN.V,Altiplano Metals Inc.,TSXV,Mining,3551236.88
ALTU.V,Altura Energy Corp.,TSXV,Oil & Gas,14073564.1
ALT.V,Alturas Minerals Corp.,TSXV,Mining,2184482.145
AUUA.V,Aluula Composites Inc.,TSXV,Industrial Products & Services,113991151.59
ALV.V,Alvopetro Energy Ltd.,TSXV,Oil & Gas,364446568.09
ALZI.V,Alzai Health Corp.,TSXV,Life Sciences,23633165.52
AHR.V,Amarc Resources Ltd.,TSXV,Mining,212033322.16
AE.V,American Eagle Gold Corp.,TSXV,Mining,206971856.3
LI.V,American Lithium Corp.,TSXV,Mining,98430888.71
TUNG.V,American Tungsten Corp,TSXV,Mining,87575644.56
AMCO.V,Americore Resources Corp.,TSXV,Mining,5285750.955
AMT.V,Ameritrust Financial Technologies Inc.,TSXV,Technology,266673499.75
AMX.V,Amex Gold Mining Inc.,TSXV,Mining,613573457.68
ALY.V,AnalytixInsight Inc.,TSXV,Technology,2428734.82
ANDC.V,Andina Copper Corporation,TSXV,Mining,283531993.4
AEC.V,Anfield Energy Inc.,TSXV,Mining,100657067.52
AWM.V,Angel Wing Metals Inc.,TSXV,Mining,2698314.875
ANK.V,Angkor Resources Corp.,TSXV,Mining,55655041.14
ANOR.V,Anortech Inc.,TSXV,Mining,19152098.895
ANTL.V,Antler Gold Inc.,TSXV,Mining,3633237.4
APX.V,Apex Resources Inc.,TSXV,Mining,3746874.33
APMI.V,Apogee Minerals Ltd.,TSXV,Mining,10752700.14
APGO.V,Apollo Silver Corp.,TSXV,Mining,164275277.4
APL.V,Appulse Corporation,TSXV,Industrial Products & Services,3176045.36
ABR.V,Arbor Metals Corp.,TSXV,Mining,14174753.04
ARCH.V,Arch Biopartners Inc.,TSXV,Life Sciences,55025964.09
ACS.V,Archon Minerals Limited,TSXV,Mining,3809173.06
ARC.V,ARCpoint Inc.,TSXV,Life Sciences,332059.18
ADD.V,Arctic Star Exploration Corp.,TSXV,Mining,2387103.7
ADG.V,Arcus Development Group Inc.,TSXV,Mining,6578553.4
AWX.V,ArcWest Exploration Inc.,TSXV,Mining,8350670.7
AGAG.V,Argenta Silver Corp.,TSXV,Mining,136458625.94
LIT.V,Argentina Lithium & Energy Corp.,TSXV,Mining,11005381.6
VLLC.V,Argentina Metals Corp.,TSXV,Mining,20166536.04
ASL.V,Argentum Silver Corp.,TSXV,Mining,4127883.44
ARGH.V,Argo Corporation,TSXV,Technology,91140025.35
DAN.V,Arianne Phosphate Inc.,TSXV,Mining,64762411.28
AZEM.V,Arizona Eagle Mining Corp.,TSXV,Mining,43212159.8
AZS.V,Arizona Gold & Silver Inc.,TSXV,Mining,65188927.325
ARK.V,Arras Minerals Corp.,TSXV,Mining,213836119.26
AXL.V,Arrow Exploration Corp.,TSXV,Oil & Gas,148649460.96
ARTG.V,Artemis Gold Inc.,TSXV,Mining,7843898611.92
RBZ.V,Arya Resources Ltd.,TSXV,Mining,14768814.805
ASE.V,Asante Gold Corporation,TSXV,Mining,641973013.53
ABZ.V,AsiaBaseMetals Inc.,TSXV,Mining,4518258.39
SAT.V,Asian Television Network International Ltd.,TSXV,Comm. & Media,1098131.13
ATOI.V,Asiatel Outsourcing Inc.,TSXV,Industrial Products & Services,7690867.5
BAY.V,Aston Bay Holdings Ltd.,TSXV,Mining,12647481.75
ASTR.V,Astra Exploration Inc.,TSXV,Mining,71466226
AST.V,Astron Connect Inc.,TSXV,Technology,605424.8
SASK.V,Atha Energy Corp.,TSXV,Mining,345099585.32
ATY.V,Atico Mining Corporation,TSXV,Mining,41711064.42
ATLE.V,Atlas Energy Corp.,TSXV,Oil & Gas,84974312.79
AEP.V,Atlas Engineered Products Ltd.,TSXV,Industrial Products & Services,43702047.61
SALT.V,Atlas Salt Inc.,TSXV,Mining,172225967.88
ATOM.V,Atomic Minerals Corporation,TSXV,Mining,2184832.55
AAN.V,Aton Resources Inc.,TSXV,Mining,70099927.15
AUGC.V,AU Gold Corp.,TSXV,Mining,7610090.41
AUM.V,AuMega Metals Ltd.,TSXV,Mining,38315291.64
AUQ.V,AuQ Gold Mining Inc.,TSXV,Mining,9763155.16
ARU.V,Aurania Resources Ltd.,TSXV,Mining,27344382.585
AURA.V,Auranova Resources Inc.,TSXV,Mining,19272320.5
RES.V,Auric Resources Corp.,TSXV,Mining,1576150.345
AUME.V,Auriginal Mining Corp.,TSXV,Mining,11909913.165
AURO.V,Auro Metals Inc.,TSXV,Mining,119237482.91
ACU.V,Aurora Solar Technologies Inc.,TSXV,Clean Technology & Renewable Energy,2221940.76
ASG.V,Aurora Spine Corporation,TSXV,Life Sciences,15443956.8
ARL.V,Aurum Lake Mining Corporation,TSXV,Mining,1286037.5
AGLD.V,Austral Gold Limited,TSXV,Mining,86853478.27
XX.V,Avante Corp.,TSXV,Technology,45835831.08
AVN.V,Avanti Helium Corp.,TSXV,Oil & Gas,63476173.588
AVR.V,Avaron Mining Corp.,TSXV,Mining,752324.85
AVG.V,Avidian Gold Corp.,TSXV,Mining,2656277.12
AVCR.V,Avricore Health Inc.,TSXV,Life Sciences,6950331.52
AVU.V,Avrupa Minerals Ltd.,TSXV,Mining,3450990.16
ARIC.V,Awale Resources Limited,TSXV,Mining,98767452.73
AXO.V,Axo Metals Corp.,TSXV,Mining,179569132.99
AZR.V,Azarga Metals Corp.,TSXV,Mining,13643391.75
AZM.V,Azimut Exploration Inc.,TSXV,Mining,57535406.7
AAZ.V,Azincourt Energy Corp.,TSXV,Mining,5379312.82
AZT.V,Aztec Minerals Corp.,TSXV,Mining,48176624.445
BLDS.V,Badlands Resources Inc.,TSXV,Mining,1130726.45
BYN.V,Banyan Gold Corp.,TSXV,Mining,594716757.36
BRO.V,Barksdale Resources Corp.,TSXV,Mining,52973114.85
BARU.V,Baru Gold Corp.,TSXV,Mining,17520754.005
BAT.V,Batero Gold Corp.,TSXV,Mining,11518238.3
BMV.V,Bathurst Metals Corp.,TSXV,Mining,3736777.05
BMR.V,Battery Mineral Resources Corp.,TSXV,Mining,66868535.84
BHS.V,Bayhorse Silver Inc.,TSXV,Mining,20882745
BM.V,BC Moly Ltd.,TSXV,Mining,5195710.05
B.V,BCM Resources Corporation,TSXV,Mining,29458453.8
BECN.V,BEACN Wizardry & Magic Inc.,TSXV,Technology,1568942.55
BGF.V,Beauce Gold Fields Inc.,TSXV,Mining,4160525.79
BFM.V,Bedford Metals Corp.,TSXV,Mining,12676209.075
BCU.V,Bell Copper Corporation,TSXV,Mining,10133225.48
BEA.V,Belmont Resources Inc.,TSXV,Mining,3974498.16
BEX.V,Benton Resources Inc.,TSXV,Mining,23301620.32
BZ.V,Benz Mining Corp.,TSXV,Mining,1070908399.08
BST.V,Bessor Minerals Inc.,TSXV,Mining,938568.69
BEW.V,BeWhere Holdings Inc.,TSXV,Technology,71860291.48
BEAR.V,Big Bear Gold Corp.,TSXV,Mining,2489724.09
BRAU.V,Big Ridge Gold Corp.,TSXV,Mining,155889966.61
BIGT.V,Big Tree Carbon Inc.,TSXV,Mining,2386397.12
BIGG.V,BIGG Digital Assets Inc.,TSXV,Technology,23125753.3
BGA.V,BioNeutra Global Corporation,TSXV,Life Sciences,1393463.61
BRM.V,Biorem Inc.,TSXV,Clean Technology & Renewable Energy,56096172.88
RX.V,BioSyent Inc.,TSXV,Life Sciences,169851397.75
BTCT.V,Bitcoin Treasury Corporation,TSXV,Financial Services,29760681.6
BTCW.V,Bitcoin Well Inc.,TSXV,Technology,12845311.08
BTT.V,Bitterroot Resources Ltd.,TSXV,Mining,4436724.46
BMM.V,Black Mammoth Metals Corporation,TSXV,Mining,193324908.18
BARK.V,Black Spruce Exploration Inc.,TSXV,Mining,1381518.55
SWAN.V,Black Swan Graphene Inc.,TSXV,Technology,46943930.88
BRC.V,Blackrock Silver Corp.,TSXV,Mining,345272309.88
BAG.V,Blende Silver Corp.,TSXV,Mining,14753130.4
BITK.V,BlockchainK2 Corp.,TSXV,Technology,1365274.19
MATE.V,Blockmate Ventures Inc.,TSXV,Technology,6862824.04
BKMT.V,BlockMint Technologies Inc.,TSXV,Technology,1206065.125
JAY.V,Blue Jay Gold Corp.,TSXV,Mining,33760666.14
MOON.V,Blue Moon Metals Inc.,TSXV,Mining,730997167.32
BSK.V,Blue Sky Uranium Corp.,TSXV,Mining,21711558.3
BAU.V,Blue Star Gold Corp.,TSXV,Mining,35935578.8
BLU.V,BluEnergies Ltd.,TSXV,Oil & Gas,175811376.86
BLM.V,BluMetric Environmental Inc.,TSXV,Clean Technology & Renewable Energy,53441411.83
BWLK.V,Boardwalktech Software Corp.,TSXV,Technology,3962729.12
BOCA.V,Bocana Resources Corp.,TSXV,Mining,7733419.575
BOL.V,Bold Ventures Inc.,TSXV,Mining,8433918.8
BNZ.V,Bonanza Mining Corporation,TSXV,Mining,1543884.29
BTR.V,Bonterra Resources Inc.,TSXV,Mining,29777018.32
BOGO.V,Borealis Mining Company Limited,TSXV,Mining,125453392.95
BONE.V,Boron One Holdings Inc.,TSXV,Mining,10452827.21
BPAG.V,BP Silver Corp.,TSXV,Mining,54637952.88
BQE.V,BQE Water Inc.,TSXV,Clean Technology & Renewable Energy,97559590.32
BES.V,Braille Energy Systems Inc.,TSXV,Industrial Products & Services,3517297.56
BEM.V,Brasnova Energy Materials Inc.,TSXV,Mining,2794815.78
BVA.V,Bravada Gold Corporation,TSXV,Mining,24511398.24
BRVO.V,Bravo Mining Corp.,TSXV,Mining,327566201.32
BBB.V,Brixton Metals Corporation,TSXV,Mining,49717120.86
BRON.V,Bronco Resources Corp.,TSXV,Mining,1438872.68
BRN.V,Brookfield Investments Corporation,TSXV,Financial Services,133353921.28
BRW.V,Brunswick Exploration Inc.,TSXV,Mining,35299016.375
BTU.V,BTU Metals Corp.,TSXV,Mining,7143440.56
BUFF.V,Buffalo Potash Corporation,TSXV,Mining,82239487.5
BILD.V,Builddirect.com Technologies Inc.,TSXV,Technology,120879352.5
BCF.V,Builders Capital Mortgage Corp.,TSXV,Financial Services,21569510.4
ZLTO.V,Bulgold Inc.,TSXV,Mining,3994430.715
FROG.V,Bullfrog Gold Corporation,TSXV,Mining,7169316.585
BGD.V,Bullion Gold Discoveries Corp.,TSXV,Mining,9458178.15
BWR.V,BWR Exploration Inc.,TSXV,Mining,1105104.61
CCCM.V,C3 Metals Inc.,TSXV,Mining,93963642
CBR.V,Cabral Gold Inc.,TSXV,Mining,310845616
CNO.V,California Nanotechnologies Corp.,TSXV,Clean Technology & Renewable Energy,16011544.5
CAMB.V,Cambria Gold Mines Inc.,TSXV,Mining,257855196.75
COR.V,Camino Minerals Corporation,TSXV,Mining,43294187.995
CCB.V,Canada Carbon Inc.,TSXV,Mining,1211407.56
CNC.V,Canada Nickel Company Inc.,TSXV,Mining,374297931.63
CONE.V,Canada One Mining Corp.,TSXV,Mining,2291339.3
LL.V,Canada Rare Earth Corp.,TSXV,Mining,4231753.92
CANB.V,CanadaBis Capital Inc.,TSXV,Life Sciences,1410228.15
CCMI.V,Canadian Critical Minerals Inc.,TSXV,Mining,10130384.31
CAN.V,Canadian Gold Resources Ltd.,TSXV,Mining,2743443.8
CGM.V,Canadian Goldfields Discovery Corp.,TSXV,Mining,27955311.28
NET.V,Canadian Net Real Estate Investment Trust,TSXV,Real Estate,137380315.5
CNRI.V,Canadian North Resources Inc.,TSXV,Mining,22293436.815
CPS.V,Canadian Premium Sand Inc.,TSXV,Mining,7873308.26
SPI.V,Canadian Spirit Resources Inc.,TSXV,Oil & Gas,4322663.745
CAF.V,Canaf Investments Inc.,TSXV,Mining,14702120.45
CVV.V,Canalaska Uranium Ltd.,TSXV,Mining,83976329.58
CEC.V,CanAsia Energy Corp.,TSXV,Oil & Gas,31778293.96
CLZ.V,Canasil Resources Inc.,TSXV,Mining,5453499.8
CCEC.V,CanCambria Energy Corp.,TSXV,Oil & Gas,42482854.375
CANX.V,Canex Metals Inc.,TSXV,Mining,44760952.665
CLV.V,Canoe Mining Ventures Corp.,TSXV,Mining,4276837.92
WPR.V,CanPR Technology Ltd.,TSXV,Technology,2864968.865
CSOC.V,Canso Select Opportunities Corporation,TSXV,Financial Services,32898964.7
ROX.V,Canstar Resources Inc.,TSXV,Mining,13050303.175
CTM.V,Canterra Minerals Corporation,TSXV,Mining,49582780.375
CD.V,Cantex Mine Development Corp.,TSXV,Mining,39011676.34
CDA.V,Canuc Resources Corporation,TSXV,Mining,26260706.7
CYF.V,Canyon Creek Food Company Ltd.,TSXV,Consumer Products & Services,527233.53
CMIL.V,Capella Minerals Limited,TSXV,Mining,4939110.605
CAI.V,Capitan Investment Ltd.,TSXV,Financial Services,5793681.44
CAPT.V,Capitan Silver Corp.,TSXV,Mining,212395459.65
KLX.V,Carbon Done Right Developments Inc.,TSXV,Clean Technology & Renewable Energy,712245.615
EKG.V,CardioComm Solutions Inc.,TSXV,Life Sciences,1975821.06
CSPN.V,"CareSpan Health, Inc.",TSXV,Life Sciences,952320.7
CRB.V,Cariboo Rose Resources Ltd.,TSXV,Mining,2901046.96
CGD.V,Carlin Gold Corporation,TSXV,Mining,18774558.6
CPI.V,Carlton Precious Inc.,TSXV,Mining,7986720.96
RUSH.V,Carolina Rush Corporation,TSXV,Mining,8171953.38
CCDS.V,Carrier Connect Data Solutions Inc.,TSXV,Technology,36205181.1
ECR.V,Cartier Resources Inc.,TSXV,Mining,113770835.7
CASA.V,Casa Minerals Inc.,TSXV,Mining,5886640.37
CCD.V,Cascadero Copper Corporation,TSXV,Mining,3001298.74
CAM.V,Cascadia Minerals Ltd.,TSXV,Mining,58607857.84
GLDC.V,Cassiar Gold Corp.,TSXV,Mining,54910899.3
CBLT.V,CBLT Inc.,TSXV,Mining,3858853.65
CMI.V,C-Com Satellite Systems Inc.,TSXV,Technology,36763155
CTA.V,Centaurus Energy Inc.,TSXV,Oil & Gas,1428091.25
CIO.V,Central Iron Ore Limited,TSXV,Mining,3519110.15
CTN.V,Centurion Minerals Ltd.,TSXV,Mining,2043940.605
LCE.V,Century Lithium Corp.,TSXV,Mining,47840051.705
CERT.V,Cerrado Gold Inc.,TSXV,Mining,257433930.54
CDPR.V,Cerro De Pasco Resources Inc.,TSXV,Mining,371989951.2
CYL.V,Ceylon Graphite Corp.,TSXV,Mining,3765082.44
CFY.V,CF Energy Corp.,TSXV,Utilities & Pipelines,6259089.725
OYL.V,CGX Energy Inc.,TSXV,Oil & Gas,73335108.81
PERU.V,Chakana Copper Corp.,TSXV,Mining,5679180.1
CBA.V,Champion Bear Resources Ltd.,TSXV,Mining,5643357.975
YES.V,CHAR Technologies Ltd.,TSXV,Clean Technology & Renewable Energy,38545188.51
CH.V,Charbone Corporation,TSXV,Clean Technology & Renewable Energy,33337720.99
CHER.V,Cheelcare Inc.,TSXV,Life Sciences,35005492.06
CKG.V,Chesapeake Gold Corp.,TSXV,Mining,226812546.55
CBG.V,Chibougamau Independent Mines Inc.,TSXV,Mining,18526557.3
CMCG.V,Chilean Metals Inc.,TSXV,Mining,5969403.72
CRI.V,Churchill Resources Inc.,TSXV,Mining,12827277.6
CMC.V,Cielo Waste Solutions Corp.,TSXV,Clean Technology & Renewable Energy,14754827.71
AIR.V,Clean Air Metals Inc.,TSXV,Mining,12527839.2
TRAN.V,Clean Energy Transition Inc.,TSXV,Mining,1669754
CSX.V,Clean Seed Capital Group Ltd.,TSXV,Clean Technology & Renewable Energy,9888078.24
CTV.V,Cleantech Vanadium Mining Corp.,TSXV,Mining,17088422.34
CTEK.V,Cleantek Industries Inc.,TSXV,Clean Technology & Renewable Energy,15627249.28
CBLU.V,Clear Blue Technologies International Inc.,TSXV,Clean Technology & Renewable Energy,4025436.76
CZZ.V,Cleghorn Minerals Ltd.,TSXV,Mining,4744385.4
CLIP.V,Clip Money Inc.,TSXV,Technology,18730374.3
COCO.V,Coast Copper Corp.,TSXV,Mining,18951005.25
CEI.V,Coelacanth Energy Inc.,TSXV,Oil & Gas,494419312.14
CBI.V,Colibri Resource Corporation,TSXV,Mining,3318885
CAD.V,Colonial Coal International Corp.,TSXV,Mining,433562339.34
CLUS.V,Colossus Resources Corp.,TSXV,Mining,1157516.25
TIE.V,Coloured Ties Capital Inc.,TSXV,Financial Services,5982428.9
CMU.V,Comet Industries Ltd.,TSXV,Real Estate,30816570
CLIC.V,Comet Lithium Corporation,TSXV,Mining,8467621.605
CVB.V,Compass Gold Corporation,TSXV,Mining,21592986.94
CAG.V,Composite Alliance Group Inc.,TSXV,Industrial Products & Services,1102336.1
CHS.V,Comprehensive Healthcare Systems Inc.,TSXV,Life Sciences,14182993.07
CNVI.V,Conavi Medical Corp.,TSXV,Life Sciences,20698351.2
CN.V,Condor Resources Inc.,TSXV,Mining,21270966.36
COS.V,Coniagas Battery Metals Inc.,TSXV,Mining,2063732.76
CQR.V,Conquest Resources Limited,TSXV,Mining,6964969.77
FFP.V,Consolidated Firstfund Capital Corp.,TSXV,Real Estate,1728076.84
CNS.V,Contagious Gaming Inc.,TSXV,Technology,942207.45
CPAU.V,CopAur Minerals Inc.,TSXV,Mining,16871345.26
CUU.V,Copper Fox Metals Inc.,TSXV,Mining,334162492.02
CGNT.V,Copper Giant Resources Corp.,TSXV,Mining,159608773.5
CPL.V,Copper Lake Resources Ltd.,TSXV,Mining,2950521.63
CRD.V,Copper Road Resources Inc.,TSXV,Mining,6598362.615
CPER.V,CopperCorp Resources Inc.,TSXV,Mining,4758285.84
CUEX.V,CopperEx Resources Corporation,TSXV,Mining,2705806.19
CDB.V,Cordoba Minerals Corp.,TSXV,Mining,22923919.825
CCMC.V,Core Critical Metals Corp.,TSXV,Mining,22205940.12
COSA.V,Cosa Resources Corp.,TSXV,Mining,70968249.74
CSG.V,Cosigo Resources Ltd.,TSXV,Mining,6733350.72
CTH.V,CoTec Holdings Corp.,TSXV,Financial Services,158934853.44
COV.V,Covalon Technologies Ltd.,TSXV,Life Sciences,61864492.48
CCMM.V,Coyote Copper Mines Inc.,TSXV,Mining,59144842.8
CEQ.V,Criterium Energy Ltd.,TSXV,Oil & Gas,14673879.57
CRE.V,Critical Elements Lithium Corporation,TSXV,Mining,66131306.52
CRG.V,Crossroads Gold Corp.,TSXV,Mining,11798836.92
CWV.V,Crown Point Energy Inc.,TSXV,Oil & Gas,8019334.18
CSTR.V,Cryptostar Corp.,TSXV,Technology,2329486.845
CUB.V,CubicFarm Systems Corp.,TSXV,Technology,5261338.72
CLCO.V,Culico Metals Inc.,TSXV,Mining,30678737.22
WATR.V,Current Water Technologies Inc.,TSXV,Clean Technology & Renewable Energy,2465900.37
CVW.V,CVW Sustainable Royalties Inc.,TSXV,Clean Technology & Renewable Energy,217937393.7
CYBE.V,"CyberCatch Holdings, Inc.",TSXV,Technology,46305645.37
CYG.V,Cygnus Metals Limited,TSXV,Mining,183778807.8
CYM.V,Cymat Technologies Ltd.,TSXV,Industrial Products & Services,13043853.55
DTWO.V,D2 Lithium Corp.,TSXV,Mining,1449272.16
DAR.V,Darelle Online Solutions Inc.,TSXV,Technology,9856898.1
DM.V,Datametrex AI Limited,TSXV,Technology,4577580.18
DGC.V,Daura Gold Corp.,TSXV,Mining,18255300.625
DTEA.V,DAVIDsTEA Inc.,TSXV,Consumer Products & Services,26516663.01
DEC.V,Decade Resources Ltd.,TSXV,Mining,15989462.84
DB.V,Decibel Cannabis Company Inc.,TSXV,Consumer Products & Services,57704326.7
WCSB.V,Decimus Oil Corp.,TSXV,Oil & Gas,6469044.5
DE.V,Decisive Dividend Corporation,TSXV,Financial Services,187552904
DEFN.V,Defense Metals Corp.,TSXV,Mining,47417766
DEF.V,Defiance Silver Corp.,TSXV,Mining,60241408.48
DFSC.V,DEFSEC Technologies Inc.,TSXV,Technology,5226598.72
DHB.V,Delivra Health Brands Inc.,TSXV,Life Sciences,3438795.91
DELX.V,DelphX Capital Markets Inc.,TSXV,Technology,2315601.83
DLTA.V,Delta Resources Limited,TSXV,Mining,29386437.48
DAU.V,Desert Gold Ventures Inc.,TSXV,Mining,39670300.89
DME.V,Desert Mountain Energy Corp.,TSXV,Oil & Gas,20740719
DSY.V,Destiny Media Technologies Inc.,TSXV,Technology,4894660
GSD.V,Devonian Health Group Inc.,TSXV,Life Sciences,28197981.24
DFR.V,DFR Gold Inc.,TSXV,Mining,7109889.5
ADK.V,DIAGNOS Inc.,TSXV,Technology,33285325.975
DMI.V,Diamcor Mining Inc.,TSXV,Mining,1686389.37
DWS.V,Diamond Estates Wines & Spirits Inc.,TSXV,Consumer Products & Services,8333385.62
DNO.V,Dinero Ventures Ltd.,TSXV,Mining,14786398.39
DOS.V,Dios Exploration Inc.,TSXV,Mining,4057711.98
DCY.V,Discovery-Corp Enterprises Inc.,TSXV,Mining,673354.8
DCOP.V,District Copper Corp.,TSXV,Mining,3123924.65
DMX.V,District Metals Corp.,TSXV,Mining,116486568.68
DG.V,Dixie Gold Inc.,TSXV,Mining,1428173.46
DLC.V,DLC Holdings Corp.,TSXV,Consumer Products & Services,1451668.75
DLP.V,DLP Resources Inc.,TSXV,Mining,47144187.94
DMGI.V,DMG Blockchain Solutions Inc.,TSXV,Technology,89298039.8
DMCU.V,Domestic Metals Corp.,TSXV,Mining,14383177.8
DBG.V,Doubleview Gold Corp.,TSXV,Mining,430822289.28
DPF.V,Dr. Phone Fix Canada Corporation,TSXV,Consumer Products & Services,21896130.36
DRY.V,Dryden Gold Corp.,TSXV,Mining,63457407
DYG.V,Dynasty Gold Corp.,TSXV,Mining,9243839.125
ETU.V,E2Gold Inc.,TSXV,Mining,1147521.835
ETL.V,E3 Lithium Ltd.,TSXV,Mining,89875140.6
EPL.V,Eagle Plains Resources Ltd.,TSXV,Mining,20236864.725
SPOT.V,EarthLabs Inc.,TSXV,Technology,34552944.86
EWK.V,Earthworks Industries Inc.,TSXV,Clean Technology & Renewable Energy,3715165.725
EAM.V,East Africa Metals Inc.,TSXV,Mining,18828149.83
EW.V,East West Minerals Ltd.,TSXV,Oil & Gas,2402697.995
ETF.V,Eastfield Resources Ltd.,TSXV,Mining,5024771.325
EVI.V,Eastport Critical Metals Corp.,TSXV,Mining,16410479.26
EBM.V,Eastwood Bio-Medical Canada Inc.,TSXV,Life Sciences,66819389.93
EOG.V,Eco (Atlantic) Oil & Gas Ltd.,TSXV,Oil & Gas,370691568.62
EDY.V,Eddy Smart Home Solutions Ltd.,TSXV,Clean Technology & Renewable Energy,9438079.42
EDCU.V,Edge Copper Corporation,TSXV,Mining,72834464.25
CTRL.V,Edge Total Intelligence Inc.,TSXV,Technology,32797432.72
YFI.V,Edgewater Wireless Systems Inc.,TSXV,Technology,8620164.35
EDDY.V,Edison Lithium Corp.,TSXV,Mining,1506404.15
EDM.V,EDM Resources Inc.,TSXV,Mining,48337813.2
EGR.V,EGR Exploration Ltd.,TSXV,Mining,1042480.05
EGT.V,Eguana Technologies Inc.,TSXV,Clean Technology & Renewable Energy,3615648.16
ERA.V,Elcora Advanced Materials Corp.,TSXV,Mining,11768316.84
ELBM.V,Electra Battery Materials Corporation,TSXV,Mining,79032102.12
EML.V,Electric Metals (USA) Limited,TSXV,Mining,41386101.92
ELEC.V,Electric Royalties Ltd.,TSXV,Mining,13116614.7
ECU.V,Element 29 Resources Inc.,TSXV,Mining,328836904.98
ELM.V,Element Lifestyle Retirement Inc.,TSXV,Real Estate,704783
SERV.V,Elevate Service Group Inc.,TSXV,Industrial Products & Services,89810593.35
ELC.V,Elysee Development Corp.,TSXV,Financial Services,16352629.62
ECOM.V,Emerge Commerce Ltd.,TSXV,Technology,13451593.425
EMR.V,Emergent Metals Corp.,TSXV,Mining,5426831.36
EMO.V,Emerita Resources Corp.,TSXV,Mining,97885906.14
EMNT.V,Eminent Gold Corp.,TSXV,Mining,44269806.08
EMPR.V,Empress Royalty Corp.,TSXV,Mining,115545494.36
ENA.V,Enablence Technologies Inc.,TSXV,Technology,115869572.5
EU.V,enCore Energy Corp.,TSXV,Mining,295307075.92
EDG.V,Endurance Gold Corporation,TSXV,Mining,94058581.74
ENDR.V,Enduro Metals Corporation,TSXV,Mining,18770599.045
ENEV.V,Enerev5 Metals Inc.,TSXV,Mining,1715484.205
EAU.V,Engineer Gold Mines Ltd.,TSXV,Mining,2344738.64
EGM.V,Engold Mines Ltd.,TSXV,Mining,2482892.76
ENW.V,EnWave Corporation,TSXV,Clean Technology & Renewable Energy,28492013.04
EON.V,EON Lithium Corp.,TSXV,Mining,347557.14
EQ.V,EQ Inc.,TSXV,Technology,66658199.04
EQTY.V,Equity Metals Corporation,TSXV,Mining,58442767.2
NOVA.V,EraNova Metals Inc.,TSXV,Mining,9202364.82
EM.V,Errington Metals Corp.,TSXV,Mining,173282262.8
ESE.V,ESE Entertainment Inc.,TSXV,Consumer Products & Services,6540476.15
ESBL.V,Eshbal Functional Food Inc.,TSXV,Consumer Products & Services,9158732.33
ESK.V,Eskay Mining Corp.,TSXV,Mining,59701479.36
ESXR.V,Essex Resources Corp.,TSXV,Mining,1064250
EMN.V,Euro Manganese Inc.,TSXV,Mining,10006815.28
EOX.V,Euromax Resources Ltd.,TSXV,Mining,74985401.84
EVNI.V,EV Nickel Inc.,TSXV,Mining,20889253.32
EVNT.V,Eventer Technologies Ltd.,TSXV,Technology,3929637.4
EVGN.V,EverGen Infrastructure Corp.,TSXV,Clean Technology & Renewable Energy,12163833.59
EVER.V,Evergold Corp.,TSXV,Mining,8808926.3
EPF.V,Everyday People Financial Corp.,TSXV,Technology,67655450.72
OKAI.V,EvokAI Creative Labs Inc.,TSXV,Life Sciences,874631.695
EVMT.V,Evome Medical Technologies Inc.,TSXV,Life Sciences,300871.885
EXCL.V,Excalibur Metals Corp.,TSXV,Mining,7000167.13
EXN.V,Excellon Resources Inc.,TSXV,Mining,115242327.02
EXG.V,ExGen Resources Inc.,TSXV,Mining,11746983.68
FUU.V,F3 Uranium Corp.,TSXV,Mining,82475912.61
FFU.V,F4 Uranium Corp.,TSXV,Mining,9105698.47
FBF.V,Fab-Form Industries Ltd.,TSXV,Industrial Products & Services,9082761.93
FAIR.V,Fairchild Gold Corp.,TSXV,Mining,8980722.35
FPC.V,Falco Resources Ltd.,TSXV,Mining,161855415.54
FLCN.V,Falcon Energy Materials PLC,TSXV,Mining,150331846.72
FG.V,Falcon Gold Corp.,TSXV,Mining,2075898.195
FNC.V,Fancamp Exploration Ltd.,TSXV,Mining,42568155.175
FHR.V,Fiddlehead Resources Corp.,TSXV,Oil & Gas,5352308.475
FMN.V,Fidelity Minerals Corp.,TSXV,Mining,14086812.27
FDI.V,Findev Inc.,TSXV,Financial Services,10313078.76
FINX.V,FinEx Metals Ltd.,TSXV,Mining,6266027.28
FYL.V,Finlay Minerals Ltd.,TSXV,Mining,16207093.575
FTEC.V,Fintech Select Ltd.,TSXV,Technology,2081237.875
FFOX.V,FireFox Gold Corp.,TSXV,Mining,21986499.04
FWZ.V,Fireweed Metals Corp.,TSXV,Mining,678889364.01
FCA.V,Firm Capital Apartment Real Estate Investment Trust,TSXV,Real Estate,31634200
FAS.V,First Andes Silver Ltd.,TSXV,Mining,6921256.24
FAN.V,First Atlantic Nickel & Cobalt Corp.,TSXV,Mining,83156491.08
FCI.V,First Canadian Graphite Inc.,TSXV,Mining,18415567.2
HELI.V,First Helium Inc.,TSXV,Oil & Gas,7964670.72
FHYD.V,First Hydrogen Corp.,TSXV,Clean Technology & Renewable Energy,35898089.76
FTZ.V,Fitzroy Minerals Inc.,TSXV,Mining,117408741.395
FEX.V,Fjordland Exploration Inc.,TSXV,Mining,1658710.62
FOBI.V,FOBI AI Inc.,TSXV,Technology,10067279.08
FMS.V,Focus Graphite Inc.,TSXV,Mining,39831023.16
FTJ.V,Fort St. James Nickel Corp.,TSXV,Mining,1049930.48
FORT.V,Fort Technology Inc.,TSXV,Consumer Products & Services,19233872.91
FOR.V,Fortune Bay Corp.,TSXV,Mining,43495970.42
FWTC.V,Forward Water Technologies Corp.,TSXV,Clean Technology & Renewable Energy,1966983.68
FDR.V,Founders Metals Inc.,TSXV,Mining,460101969.36
FA.V,Fountain Asset Corp.,TSXV,Financial Services,2894701.59
FOXT.V,Fox Tungsten Ltd.,TSXV,Mining,40683202
FP.V,FP Newspapers Inc.,TSXV,Comm. & Media,6212332.8
FPX.V,FPX Nickel Corp.,TSXV,Mining,110575142.3
FRED.V,Fredonia Mining Inc.,TSXV,Mining,33074036.01
FMAN.V,Freeman Gold Corp.,TSXV,Mining,108964269.4
FRI.V,Freeport Resources Inc.,TSXV,Mining,17088540.84
FREQ.V,Frequency Exchange Corp.,TSXV,Life Sciences,14736530.25
FRSH.V,Fresh Factory B.C. Ltd (The),TSXV,Industrial Products & Services,7650821.21
FRNT.V,FRNT Financial Inc.,TSXV,Technology,4254590.4
FL.V,Frontier Lithium Inc.,TSXV,Mining,101479651.605
FTI.V,FTI Foodtech International Inc.,TSXV,Industrial Products & Services,4190645.34
NHHH.V,Fuelpositive Corporation,TSXV,Clean Technology & Renewable Energy,19273658.425
FCLI.V,Full Circle Lithium Corp.,TSXV,Clean Technology & Renewable Energy,43681350.33
FMM.V,Full Metal Minerals Ltd.,TSXV,Mining,2075935.96
FUSE.V,Fuse Battery Metals Inc.,TSXV,Mining,940743.625
FTRC.V,FUTR Corporation (The),TSXV,Technology,24387539.2
FTUR.V,Future Fuels Inc.,TSXV,Mining,43125198.48
LITT.V,Futuregen Industries Corp.,TSXV,Financial Services,11122832.2
GBU.V,Gabriel Resources Ltd.,TSXV,Mining,42969633.355
GGAU.V,Galactic Gold Corp.,TSXV,Mining,7901244.48
GAL.V,Galantas Gold Corporation,TSXV,Mining,332910729.2
GGO.V,Galleon Gold Corp.,TSXV,Mining,132914867.68
GRI.V,Galore Resources Inc.,TSXV,Mining,3546013.38
GWM.V,Galway Metals Inc.,TSXV,Mining,62230649.24
GAMA.V,Gamma Resources Ltd.,TSXV,Mining,3160446.075
GGI.V,Garibaldi Resources Corp.,TSXV,Mining,9882636.075
GSI.V,Gatekeeper Systems Inc.,TSXV,Technology,179382369.81
GKO.V,Geekco Technologies Corporation,TSXV,Technology,5327944.24
BEEP.V,Geiger Energy Corporation,TSXV,Mining,15419329.625
GEMG.V,Gemdale Gold Inc.,TSXV,Mining,35066991.3
GENX.V,Genix Pharmaceuticals Corporation,TSXV,Life Sciences,918361.965
GSP.V,Gensource Potash Corporation,TSXV,Mining,49269699.903
GMA.V,Geomega Resources Inc.,TSXV,Mining,37603878.3
GTC.V,Getty Copper Inc.,TSXV,Mining,58472672.8
GFG.V,GFG Resources Inc.,TSXV,Mining,68446191.375
GGL.V,GGL Resources Corp.,TSXV,Mining,5217873.75
GGX.V,GGX Gold Corp.,TSXV,Mining,1535775.2
GIGA.V,Giga Metals Corporation,TSXV,Mining,12646377.68
GOK.V,GINSMS Inc.,TSXV,Technology,2806775.52
EMM.V,Giyani Metals Corp.,TSXV,Mining,25037776.875
GLAD.V,Gladiator Metals Corp.,TSXV,Mining,296211815.96
GER.V,Glen Eagle Resources Inc.,TSXV,Mining,729009.925
GBML.V,Global Battery Metals Ltd.,TSXV,Mining,2822246.13
CUCU.V,Global Copper Corp.,TSXV,Mining,906454.76
GEMC.V,Global Energy Metals Corporation,TSXV,Mining,1351442.54
PWER.V,Global Power Solutions Corp.,TSXV,Industrial Products & Services,8960092.8
GMV.V,GMV Minerals Inc.,TSXV,Mining,15331293.25
GG.V,Golconda Gold Ltd.,TSXV,Mining,157082996.4
GLD.V,Gold Finder Resources Ltd.,TSXV,Mining,3438760.05
HART.V,Gold Hart Copper Corp.,TSXV,Mining,42882021.45
GRZ.V,Gold Reserve Inc.,TSXV,Mining,934532288.56
GST.V,Gold Strategy Inc.,TSXV,Mining,3608458
GSR.V,Gold Strike Resources Corp.,TSXV,Mining,56956940.745
YGT.V,Gold Terra Resource Corp.,TSXV,Mining,88827323.725
AUXX.V,Gold X2 Mining Inc.,TSXV,Mining,724959373.98
GLB.V,Goldbank Mining Corporation,TSXV,Mining,48130306.5
GCN.V,Goldcliff Resource Corporation,TSXV,Mining,2021197.675
GRG.V,Golden Arrow Resources Corporation,TSXV,Mining,16941659.6
AUX.V,Golden Cross Resources Inc.,TSXV,Mining,15060619.8
GNG.V,Golden Goliath Resources Ltd.,TSXV,Mining,4621505.42
GDP.V,Golden Pursuit Resources Ltd.,TSXV,Mining,11774985.75
GLDN.V,Golden Ridge Resources Ltd.,TSXV,Mining,2927066
AUEN.V,Golden Sky Minerals Corp.,TSXV,Mining,6562504.98
GDX.V,Goldex Resources Corporation,TSXV,Mining,1820649.71
GOFL.V,Goldflare Exploration Inc.,TSXV,Mining,789091.15
GORO.V,Goldgroup Mining Inc.,TSXV,Mining,393888164.44
GHL.V,Goldhills Holding Ltd.,TSXV,Mining,1894860.33
INXS.V,GoldInxs Mining Corp.,TSXV,Mining,3513502.6
GQC.V,GoldQuest Mining Corp.,TSXV,Mining,292162540.96
GSKR.V,Goldsky Resources Corp.,TSXV,Mining,840845509.86
GSTM.V,Goldstorm Metals Corp.,TSXV,Mining,24898229.3
GOT.V,Goliath Resources Limited,TSXV,Mining,252603721.9
GOOD.V,Good Gamer Entertainment Inc.,TSXV,Technology,759074
GSS.V,Gossan Resources Limited,TSXV,Mining,1686486.775
GPM.V,GPM Metals Inc.,TSXV,Mining,15280601.23
GRSL.V,GR Silver Mining Ltd.,TSXV,Mining,150277582.235
GGM.V,Granada Gold Mine Inc.,TSXV,Mining,6817978.47
GPG.V,Grande Portage Resources Ltd.,TSXV,Mining,58601214.575
GEL.V,Graphano Energy Ltd.,TSXV,Mining,2385709.48
GMG.V,Graphene Manufacturing Group Ltd.,TSXV,Clean Technology & Renewable Energy,243573611.92
GPH.V,Graphite One Inc.,TSXV,Mining,179712252.96
GR.V,Great Atlantic Resources Corp.,TSXV,Mining,4646438.72
GPAC.V,Great Pacific Gold Corp.,TSXV,Mining,54879570.2
GPS.V,Great Plains Metals Corp.,TSXV,Mining,10771700.66
GIP.V,Green Impact Partners Inc.,TSXV,Clean Technology & Renewable Energy,56651800.15
GRF.V,Green Rise Foods Inc.,TSXV,Consumer Products & Services,11872266.5
GCOM.V,Green Shift Commodities Ltd.,TSXV,Mining,9640835.26
GRB.V,Greenbriar Sustainable Living Inc.,TSXV,Clean Technology & Renewable Energy,32174737.59
VGN.V,Greencastle Resources Ltd.,TSXV,Mining,1327766.775
GHRT.V,Greenheart Gold Inc.,TSXV,Mining,160711028.25
GRL.V,GreenLight Metals Inc.,TSXV,Mining,25424552.13
WOLF.V,Grey Wolf Health Corp.,TSXV,Life Sciences,57502888.04
CELL.V,Grid Battery Metals Inc.,TSXV,Mining,2900711.925
GRDM.V,Grid Metals Corp.,TSXV,Mining,32625189.38
FIN.V,Grit Metals Corp.,TSXV,Mining,7291769.65
GZD.V,Grizzly Discoveries Inc.,TSXV,Mining,17462852.55
GVR.V,Grosvenor Resource Corporation,TSXV,Mining,3173066.12
GRD.V,Grounded Lithium Corp.,TSXV,Mining,5231182.19
ZNG.V,Group Eleven Resources Corp.,TSXV,Mining,223062591.69
GSPR.V,GSP Resource Corp.,TSXV,Mining,6078399.6
GT.V,GT Resources Inc.,TSXV,Mining,11673531.78
GSVR.V,Guanajuato Silver Company Ltd.,TSXV,Mining,330082898.97
GX.V,Guardian Exploration Inc.,TSXV,Oil & Gas,21720429.72
GUF.V,Gulf & Pacific Equities Corp.,TSXV,Real Estate,11775876.75
GUN.V,Gunpoint Exploration Ltd.,TSXV,Mining,47218247.07
GYA.V,Guyana Goldstrike Inc.,TSXV,Mining,4750332
HPM.V,Halcones Precious Metals Corp.,TSXV,Mining,8007173.615
HMT.V,Halmont Properties Corporation,TSXV,Real Estate,88137000
HFC.V,Hampton Financial Corporation,TSXV,Financial Services,16058214.9
HAN.V,Hannan Metals Ltd.,TSXV,Mining,113269543.14
HANS.V,Hanstone Gold Corp.,TSXV,Mining,775396.875
HAPB.V,"Hapbee Technologies, Inc.",TSXV,Technology,5859352.075
HAR.V,Harfang Exploration Inc.,TSXV,Mining,5194607.265
HVG.V,Harvest Gold Corp.,TSXV,Mining,8072090.595
HAWK.V,Hawkeye Gold & Diamond Inc.,TSXV,Mining,689037.885
HAY.V,Hayasa Metals Inc.,TSXV,Mining,4712444.035
HSTR.V,Heliostar Metals Ltd.,TSXV,Mining,447090680
HEVI.V,Helium Evolution Incorporated,TSXV,Oil & Gas,30157552.26
HHH.V,Helius Minerals Limited,TSXV,Mining,212600827.94
HME.V,Hemisphere Energy Corporation,TSXV,Oil & Gas,241664279.04
HEM.V,Hemostemix Inc.,TSXV,Life Sciences,12299786.88
BIG.V,Hercules Metals Corp.,TSXV,Mining,263977721.01
HOH.V,High Arctic Overseas Holdings Corp.,TSXV,Industrial Products & Services,23840371.2
HITI.V,High Tide Inc.,TSXV,Consumer Products & Services,261288449.73
HI.V,Highland Copper Company Inc.,TSXV,Mining,96041366.46
HWY.V,Highway 50 Gold Corp.,TSXV,Mining,17812916.8
HAM.V,Highwood Asset Management Ltd.,TSXV,Oil & Gas,91040919.82
ESPN.V,Hispania Resources Inc.,TSXV,Mining,6010246.74
SHL.V,Homeland Nickel Inc.,TSXV,Mining,85241222.625
HLU.V,Homeland Uranium Corp.,TSXV,Mining,13662154.44
HMR.V,Homerun Resources Inc.,TSXV,Mining,40213308.2
TUF.V,Honey Badger Silver Inc.,TSXV,Mining,114595516.7
HPL.V,Horizon Petroleum Ltd.,TSXV,Oil & Gas,19457157.06
HCH.V,Hot Chili Limited,TSXV,Mining,298208901.06
HPQ.V,HPQ Silicon Inc.,TSXV,Clean Technology & Renewable Energy,68356193.625
HIDE.V,Hydaway Digital Corp.,TSXV,Technology,4685282.625
NURS.V,Hydreight Technologies Inc.,TSXV,Life Sciences,214107110.7
HC.V,Hypercharge Networks Corp.,TSXV,Clean Technology & Renewable Energy,13163714.52
IB.V,IBC Advanced Alloys Corp.,TSXV,Industrial Products & Services,19641245.29
IMC.V,Ibero Mining Corp.,TSXV,Mining,2381220.75
ICGH.V,IC Group Holdings Inc.,TSXV,Technology,17548490.975
ICRS.V,Icarus Capital Corp.,TSXV,Consumer Products & Services,257334.81
ICM.V,Iconic Minerals Ltd.,TSXV,Mining,9287952.55
IDEX.V,IDEX Metals Corp.,TSXV,Mining,24810847.68
IRI.V,IEMR Resources Inc.,TSXV,Mining,1422107.115
ILC.V,ILC Critical Minerals Ltd.,TSXV,Mining,4372923.81
UVC.V,Illumisoft Lighting Corp.,TSXV,Clean Technology & Renewable Energy,31859638.41
ILI.V,Imagine Lithium Inc.,TSXV,Mining,5109420.45
IDL.V,Imaging Dynamics Company Ltd.,TSXV,Life Sciences,775091.25
IMR.V,iMetal Resources Inc.,TSXV,Mining,5583744.18
IMPT.V,Impact Development Group Inc.,TSXV,Real Estate,171511.68
IPT.V,IMPACT Silver Corp.,TSXV,Mining,96121051.95
IEI.V,Imperial Equities Inc.,TSXV,Real Estate,42530589
IGO.V,Independence Gold Corp.,TSXV,Mining,29034263.72
INEO.V,INEO Tech Corp.,TSXV,Technology,5204797.3
IN.V,Infield Minerals Corp.,TSXV,Mining,3760559.15
INFM.V,Infinico Metals Corp.,TSXV,Mining,732534.79
INFI.V,Infinitum Copper Corp.,TSXV,Mining,1103209.02
IOT.V,Innovotech Inc.,TSXV,Life Sciences,4082867.4
MINE.V,Inomin Mines Inc.,TSXV,Mining,5004130.68
ISGI.V,InsuraGuest Technologies Inc.,TSXV,Technology,852669.11
ITR.V,Integra Resources Corp.,TSXV,Mining,592372428.4
IBAT.V,International Battery Metals Ltd.,TSXV,Clean Technology & Renewable Energy,45480201.84
IFR.V,International Frontier Resources Corp.,TSXV,Oil & Gas,1142561.91
ICON.V,International Iconic Gold Exploration Corp.,TSXV,Mining,226238.19
IMM.V,International Metals Mining Corp.,TSXV,Mining,1461961.345
IPD.V,International Parkside Products Inc.,TSXV,Consumer Products & Services,825402.7
IZZ.V,International Prospect Ventures Ltd.,TSXV,Mining,3646322.1
IRO.V,Inter-Rock Minerals Inc.,TSXV,Mining,27940511.19
INX.V,Intouch Insight Ltd.,TSXV,Technology,7674905.4
INTR.V,Intrepid Metals Corp.,TSXV,Mining,91442176.66
IVX.V,Inventronics Limited,TSXV,Industrial Products & Services,3507224.4
IVS.V,Inventus Mining Corp.,TSXV,Mining,50839379.63
IZN.V,InZinc Mining Ltd.,TSXV,Mining,9149697.96
INIK.V,Ionik Corporation,TSXV,Technology,29332420.3
IMI.V,Ironman International Ltd.,TSXV,Technology,13814806.08
IRR.V,Irruptive Metals Corp.,TSXV,Mining,171888543
IFOS.V,Itafos Inc.,TSXV,Mining,420333394.5
JTWO.V,J2 Metals Inc.,TSXV,Mining,6216260.96
JJJJ.V,J4 Ventures Resources Corp.,TSXV,Mining,2862300
JNH.V,Jack Nathan Medical Corp.,TSXV,Life Sciences,870991.59
JJ.V,Jackpot Digital Inc.,TSXV,Technology,14153557.455
JADE.V,Jade Leader Corp.,TSXV,Mining,1120609.395
JG.V,Japan Gold Corp.,TSXV,Mining,27669737.25
JSPX.V,JasperX Technologies Inc.,TSXV,Technology,7282078.8
JDN.V,Jayden Resources Inc.,TSXV,Mining,1492206.705
JTC.V,Jemtec Inc.,TSXV,Technology,4024337.76
JEV.V,Jericho Energy Ventures Inc.,TSXV,Oil & Gas,80746571.04
JHC.V,Jinhua Capital Corporation,TSXV,Mining,152597.975
JUGR.V,Juggernaut Exploration Ltd.,TSXV,Mining,52634398.95
JUN.V,Juno International Corporation,TSXV,Financial Services,121528620
JEC.V,Jura Energy Corporation,TSXV,Oil & Gas,3799198.04
JZR.V,JZR Gold Inc.,TSXV,Mining,19979534.4
KTO.V,K2 Gold Corporation,TSXV,Mining,169567195.7
KDSX.V,Kadestone Capital Corp.,TSXV,Real Estate,15017039.04
KIRO.V,Kairos Gold Inc.,TSXV,Mining,47344851.96
KALO.V,Kalo Gold Corp.,TSXV,Mining,15310703.07
KNE.V,Kane Biotech Inc.,TSXV,Life Sciences,5126414.125
KAPA.V,KAPA Gold Inc.,TSXV,Mining,12875461.17
KDA.V,KDA Group Inc.,TSXV,Industrial Products & Services,16470949.6
KEEK.V,Keek Social Inc.,TSXV,Technology,9650938.19
KLD.V,Kenorland Minerals Ltd.,TSXV,Mining,169609965.7
KGC.V,Kestrel Gold Inc.,TSXV,Mining,2174420.52
KIB.V,Kiboko Gold Inc.,TSXV,Mining,3432741.8
KDOZ.V,Kidoz Inc.,TSXV,Technology,19695674.85
KCC.V,Kincora Copper Limited,TSXV,Mining,44175995.12
KCP.V,King Copper Discovery Corp.,TSXV,Mining,227122374.99
KFR.V,Kingfisher Metals Corp.,TSXV,Mining,180263845.12
KGS.V,Kingman Minerals Ltd.,TSXV,Mining,2402813.655
KNG.V,Kingsmen Resources Ltd.,TSXV,Mining,35233947.72
KIP.V,Kiplin Metals Inc.,TSXV,Mining,4372747.505
KLDC.V,Kirkland Lake Discoveries Corp.,TSXV,Mining,52435447.53
KSM.V,Kirkstone Metals Corp.,TSXV,Mining,7418999.88
KG.V,Klondike Gold Corp.,TSXV,Mining,45893412.675
KS.V,Klondike Silver Corp.,TSXV,Mining,3898785.81
KRI.V,Kobo Resources Inc.,TSXV,Mining,23682024.8
KDK.V,Kodiak Copper Corp.,TSXV,Mining,74385973.655
KTRI.V,Kootenay Resources Inc.,TSXV,Mining,3940021.52
KTN.V,Kootenay Silver Inc.,TSXV,Mining,119777375.67
KORE.V,KORE Mining Ltd.,TSXV,Mining,11501270.76
KRY.V,Koryx Copper S.A.,TSXV,Mining,374398276.56
KOVO.V,Kovo+ Holdings Inc.,TSXV,Life Sciences,1798062.32
PNG.V,Kraken Robotics Inc.,TSXV,Technology,2157904515.97
KBRA.V,Kubera Gold Corp.,TSXV,Mining,3069414.4
KC.V,Kutcho Copper Corp.,TSXV,Mining,49832546.76
LAB.V,Labrador Gold Corp.,TSXV,Mining,9394548.845
LTX.V,Labrador Resources Inc.,TSXV,Oil & Gas,2097132.24
LG.V,Lahontan Gold Corp.,TSXV,Mining,140458983.275
LVG.V,Lake Victoria Gold Ltd.,TSXV,Mining,55640569.325
LWR.V,Lake Winn Resources Corp.,TSXV,Mining,1231131.015
LRA.V,Lara Exploration Ltd.,TSXV,Mining,239389474.38
VAND.V,Largo Physical Vanadium Corp.,TSXV,Financial Services,10930919.35
LALI.V,LatAm Lithium Corp.,TSXV,Mining,1943920.495
LXE.V,Latin Explore Inc.,TSXV,Mining,6988800
LMS.V,Latin Metals Inc.,TSXV,Mining,29182786.5
LME.V,Laurion Mineral Exploration Inc.,TSXV,Mining,40980870.34
LGC.V,Lavras Gold Corp.,TSXV,Mining,113898070.89
LEM.V,Leading Edge Materials Corp.,TSXV,Mining,68576818.985
LEGY.V,Legacy Gold Mines Ltd.,TSXV,Mining,56833623.39
LPS.V,Legend Power Systems Inc.,TSXV,Clean Technology & Renewable Energy,21895245.96
LTV.V,LeoNovus Inc.,TSXV,Technology,104504.98
JUMP.V,LevelJump Healthcare Corp.,TSXV,Life Sciences,6651883.74
LVX.V,Leviathan Metals Corp.,TSXV,Mining,59291204.64
SCAN.V,"Liberty Defense Holdings, Ltd.",TSXV,Technology,24782574.36
LIB.V,Libertystream Infrastructure Partners Inc.,TSXV,Mining,172445828
LFST.V,Lifeist Wellness Inc.,TSXV,Life Sciences,1515456.08
LIFT.V,Li-FT Power Ltd.,TSXV,Mining,287112829.16
LTNG.V,Lightning Resources Corp.,TSXV,Mining,8979920.715
LMG.V,Lincoln Gold Mining Inc.,TSXV,Mining,11225373.9
LIO.V,Lion One Metals Limited,TSXV,Mining,62317733.875
ROAR.V,Lion Rock Resources Inc.,TSXV,Mining,24332020.86
LBI.V,Lions Bay Capital Inc.,TSXV,Financial Services,6676099.07
LAF.V,Lithium Africa Corp.,TSXV,Mining,39965307.2
LITH.V,Lithium Chile Inc.,TSXV,Mining,127298412.36
LTH.V,Lithium Ionic Corp.,TSXV,Mining,100623616.59
LBNK.V,LithiumBank Resources Corp.,TSXV,Mining,32672607.84
LNGE.V,LNG Energy Group Corp.,TSXV,Oil & Gas,7776721.3
LOD.V,Lode Gold Resources Inc.,TSXV,Mining,19752357.435
LSTR.V,Lodestar Metals Corp.,TSXV,Mining,3606277.36
LGN.V,Logan Energy Corp.,TSXV,Oil & Gas,656681819
LMR.V,Lomiko Metals Inc.,TSXV,Mining,9604847.4
LA.V,Los Andes Copper Limited,TSXV,Mining,386366066.19
LTC.V,Lotus Creek Exploration Inc.,TSXV,Oil & Gas,131200000
LQWD.V,LQWD Technologies Corp.,TSXV,Technology,20369259.54
LSL.V,LSL Pharma Group Inc.,TSXV,Life Sciences,47523681.75
LUCA.V,Luca Mining Corp.,TSXV,Mining,222890415.93
LKY.V,Lucky Minerals Inc.,TSXV,Mining,1011271.35
LMN.V,Lumine Group Inc.,TSXV,Technology,6220478205.12
LPK.V,Lupaka Gold Corp.,TSXV,Mining,7419974.12
LXM.V,Lux Metals Corp.,TSXV,Mining,11535782.4
LUXR.V,Luxor Metals Ltd.,TSXV,Mining,2983588.8
LCX.V,Lycos Energy Inc.,TSXV,Oil & Gas,180106099.8
MT.V,M3 Metals Corp.,TSXV,Mining,2620054.62
MACK.V,Mackay Gold & Silver Corp.,TSXV,Mining,251152195.89
MDM.V,Madoro Metals Corp.,TSXV,Mining,1400950.74
MGMA.V,Magma Silver Corp.,TSXV,Mining,9198659.8
MTT.V,Magna Terra Minerals Inc.,TSXV,Mining,16253612.7
MNC.V,Magnetic North Acquisition Corp.,TSXV,Financial Services,9255277.35
MJS.V,Majestic Gold Corp.,TSXV,Mining,127924940.43
MKO.V,Mako Mining Corp.,TSXV,Mining,867236624.1
MTH.V,Mammoth Resources Corp.,TSXV,Mining,2663923.325
MN.V,Manganese X Energy Corp.,TSXV,Mining,20722478.44
MANU.V,Manhattan Uranium Discovery Corp.,TSXV,Mining,23667311.37
MGM.V,Maple Gold Mines Ltd.,TSXV,Mining,189254816.25
MAP.V,Maple Peak Investments Inc.,TSXV,Financial Services,4720000
ALFA.V,Margaux Real Estate Investment Trust,TSXV,Real Estate,7927456.9
MAH.V,Marksmen Energy Inc.,TSXV,Oil & Gas,449221.685
MTLO.V,Martello Technologies Group Inc.,TSXV,Technology,2918537.15
MRVL.V,Marvel Biosciences Corp.,TSXV,Life Sciences,9471568.5
MAR.V,Marwest Apartment Real Estate Investment Trust,TSXV,Real Estate,7390261.34
MASS.V,Masivo Silver Corp.,TSXV,Mining,6582561.5
MCM.V,"Matachewan Consolidated Mines, Limited",TSXV,Mining,4093507.5
MATA.V,Matador Technologies Inc.,TSXV,Technology,3523702.525
MAX.V,MAX Resource Corp.,TSXV,Mining,12211613.7
MFG.V,Mayfair Gold Corp.,TSXV,Mining,230285041.28
MCS.V,McChip Resources Inc.,TSXV,Oil & Gas,4768076.8
MCF.V,MCF Energy Ltd.,TSXV,Oil & Gas,4645677.06
MPH.V,Medicure Inc.,TSXV,Life Sciences,13567206.9
MIR.V,MedMira Inc.,TSXV,Life Sciences,45498423.72
MDX.V,MedX Health Corp.,TSXV,Life Sciences,18036277.27
MKR.V,Melkior Resources Inc.,TSXV,Mining,5725523.1
MENE.V,MENE Inc.,TSXV,Consumer Products & Services,27075269.34
MUSH.V,Mercanto Holdings Inc.,TSXV,Life Sciences,6092961.96
MERG.V,Metal Energy Corp.,TSXV,Mining,36609459.12
MLO.V,Metalero Mining Corp.,TSXV,Mining,4009005
MTX.V,Metalex Ventures Ltd.,TSXV,Mining,4240062.81
MTA.V,Metalla Royalty & Streaming Ltd.,TSXV,Mining,965812378.42
MMG.V,Metallic Minerals Corp.,TSXV,Mining,45409023.3
MTS.V,Metallis Resources Inc.,TSXV,Mining,13132448.68
MET.V,Metalore Resources Limited,TSXV,Oil & Gas,4082580.5
MQM.V,Metalquest Mining Inc.,TSXV,Mining,6852583.36
MEK.V,Metals Creek Resources Corp.,TSXV,Mining,13164077.63
DDD.V,Metavista3D Inc.,TSXV,Technology,48937409.9
MMET.V,Miata Metals Corp.,TSXV,Mining,60274007.04
MD.V,Midland Exploration Inc.,TSXV,Mining,47425105.42
MMA.V,Midnight Sun Mining Corp.,TSXV,Mining,132720505.39
MIVO.V,Miivo AI Inc.,TSXV,Technology,18493199.98
MLP.V,Millennial Potash Corp.,TSXV,Mining,264742376.26
MSC.V,Millennium Silver Corp.,TSXV,Mining,10915175.625
MIM.V,MiMedia Holdings Inc.,TSXV,Technology,11609695.74
MGG.V,Minaurum Silver Inc.,TSXV,Mining,149788381.4
MMM.V,Minco Capital Corp.,TSXV,Mining,7339899.77
MHUB.V,Minehub Technologies Inc.,TSXV,Technology,42802405.1
MNLX.V,MiniLuxe Holding Corp.,TSXV,Consumer Products & Services,30260444.24
MINK.V,Mink Ventures Corporation,TSXV,Mining,3958868.12
MCI.V,Minnova Corp.,TSXV,Mining,19943807.2
MSR.V,Minsud Resources Corp.,TSXV,Mining,86326381.65
MRZ.V,Mirasol Resources Ltd.,TSXV,Mining,27465128.59
MSG.V,Mithril Silver and Gold Limited,TSXV,Mining,37497551.6
MKA.V,Mkango Resources Ltd.,TSXV,Mining,279074604.96
MBO.V,Mobio Technologies Inc.,TSXV,Consumer Products & Services,6703037.04
MOG.V,Mogotes Metals Inc.,TSXV,Mining,305086232.68
MMN.V,Monarca Minerals Inc.,TSXV,Mining,1265546.06
MRZL.V,Mont Royal Resources Limited,TSXV,Mining,22136704.66
MON.V,Montero Mining and Exploration Ltd.,TSXV,Mining,4845223.14
MONT.V,Montfort Capital Corp.,TSXV,Financial Services,1430664.365
MMY.V,Monument Mining Limited,TSXV,Mining,252795376.28
MNRG.V,Monumental Energy Corp.,TSXV,Mining,9011106.64
MOO.V,Moon River Moly Ltd.,TSXV,Mining,28532676.96
MOX.V,Morien Resources Corp.,TSXV,Mining,10832560.02
MCC.V,Morocco Strategic Minerals Corporation,TSXV,Mining,24440000
MUN.V,Mundoro Capital Inc.,TSXV,Mining,40515487.56
MUR.V,Murchison Minerals Ltd.,TSXV,Mining,3947201.55
MMX.V,Mustang Minerals Limited,TSXV,Mining,5168031.75
MGRO.V,MustGrow Biologics Corp.,TSXV,Clean Technology & Renewable Energy,22541234.88
NMI.V,Namibia Critical Metals Inc.,TSXV,Mining,47885289.695
CTZ.V,Namsys Inc.,TSXV,Technology,31729529.76
NSCI.V,Nanalysis Scientific Corp.,TSXV,Life Sciences,17417208.125
NAP.V,Napoleon Resources Inc.,TSXV,Mining,2512000
NRC.V,Nations Royalty Corp.,TSXV,Mining,156782943.37
NAV.V,NAVCO Pharmaceuticals Inc.,TSXV,Life Sciences,285347.705
NBM.V,NEO Battery Materials Ltd.,TSXV,Clean Technology & Renewable Energy,40914127.51
NTX.V,Neoterrex Minerals Inc.,TSXV,Mining,7870898.96
NDA.V,Neptune Digital Assets Corp.,TSXV,Technology,60292115.12
NTE.V,Network Media Group Inc.,TSXV,Comm. & Media,1138482.24
NPTH.V,NeuPath Health Inc.,TSXV,Life Sciences,34761553.33
NTLX.V,Neurothera Labs Inc.,TSXV,Life Sciences,31752599.78
NKG.V,Nevada King Gold Corp.,TSXV,Mining,80293530.4
NVLH.V,Nevada Lithium Resources Inc.,TSXV,Mining,19455115.575
NEV.V,Nevada Sunrise Metals Corporation,TSXV,Mining,5649933.03
NAU.V,Nevgold Corp.,TSXV,Mining,260067732
NAM.V,New Age Metals Inc.,TSXV,Mining,18693974
NED.V,New Destiny Mining Corp.,TSXV,Mining,590975.075
ENRG.V,New Energy Metals Corp.,TSXV,Mining,1491806
NFG.V,New Found Gold Corp.,TSXV,Mining,730279343.1
NSE.V,New Stratus Energy Inc.,TSXV,Oil & Gas,92497566.44
NTB.V,New Tymbal Resources Ltd.,TSXV,Mining,179419.83
NZ.V,New Zealand Energy Corp.,TSXV,Oil & Gas,24024179.98
NCAU.V,Newcore Gold Ltd.,TSXV,Mining,91619822.52
NWX.V,Newport Exploration Ltd.,TSXV,Mining,11613786.14
NEXE.V,Nexe Innovations Inc.,TSXV,Clean Technology & Renewable Energy,11675195.64
NGY.V,Nexera Energy Inc.,TSXV,Oil & Gas,2973261.855
NXG.V,NexgenRX Inc.,TSXV,Financial Services,46226135.8
NEXG.V,NeXGold Mining Corp.,TSXV,Mining,307130916
NXLV.V,NexLiving Communities Inc.,TSXV,Real Estate,74440456.8
NEXM.V,NexMetals Mining Corp.,TSXV,Mining,107657455.28
NXH.V,Next Hydrogen Solutions Inc.,TSXV,Clean Technology & Renewable Energy,32577086.03
NPV.V,Next Phase Ventures Ltd.,TSXV,Clean Technology & Renewable Energy,1119790.19
NXS.V,Nexus Gold Corp.,TSXV,Mining,5161101.875
NICN.V,NiCan Limited,TSXV,Mining,11282466.67
NKL.V,Nickel 28 Capital Corp.,TSXV,Mining,96998206.73
NCP.V,Nickel Creek Platinum Corp.,TSXV,Mining,10787754.6
NNX.V,Nickel North Exploration Corp.,TSXV,Mining,7052155.86
NICE.V,Ni-Co Energy inc.,TSXV,Mining,32765148.18
NIM.V,Nicola Mining Inc.,TSXV,Mining,153782225.03
NIO.V,Nio Strategic Metals Inc.,TSXV,Mining,18623361.25
NBY.V,Niobay Metals Inc.,TSXV,Mining,15984987.97
NOAL.V,NOA Lithium Brines Inc.,TSXV,Mining,59679149.46
NBLC.V,Nobel Resources Corp.,TSXV,Mining,5234969.6
NOB.V,Noble Mineral Exploration Inc.,TSXV,Mining,17175175.355
NOBL.V,Noble Plains Uranium Corp.,TSXV,Mining,9672498.88
NRM.V,Noram Lithium Corp.,TSXV,Mining,7509570.825
NTH.V,Nord Precious Metals Mining Inc.,TSXV,Mining,22020654.24
NQC.V,Nordique Critical Metals Inc.,TSXV,Mining,30075224.575
VKG.V,Norse Gold Corp.,TSXV,Mining,4193765.84
NVT.V,Nortec Minerals Corp.,TSXV,Mining,2879919.4
NAR.V,North Arrow Minerals Inc.,TSXV,Mining,9658708.29
NPR.V,North Peak Resources Ltd.,TSXV,Mining,35571908.66
NSU.V,North Shore Uranium Ltd.,TSXV,Mining,17781746
NGC.V,Northern Graphite Corporation,TSXV,Mining,18261503.48
NL.V,Northern Lion Gold Corp.,TSXV,Mining,3198961
NRN.V,Northern Shield Resources Inc.,TSXV,Mining,6904902.06
NCX.V,NorthIsle Copper and Gold Inc.,TSXV,Mining,1089707392.77
NMB.V,NorthMin Corporation,TSXV,Mining,8973450
ROOF.V,Northstar Clean Technologies Inc.,TSXV,Clean Technology & Renewable Energy,29911121.46
BET.V,Northstar Gaming Holdings Inc.,TSXV,Technology,1033823.585
NWST.V,Northwest Copper Corp.,TSXV,Mining,72838855.8
NLH.V,Nova Leap Health Corp.,TSXV,Life Sciences,37981699.62
NVI.V,Novra Technologies Inc.,TSXV,Technology,5800601.735
NOW.V,NowVertical Group Inc.,TSXV,Technology,9066622.825
NCI.V,NTG Clarity Networks Inc.,TSXV,Technology,37922925.37
NBVA.V,Nubeva Technologies Ltd.,TSXV,Technology,10526067.45
NGMD.V,NuGen Medical Devices Inc.,TSXV,Life Sciences,3405535.23
NUG.V,Nulegacy Gold Corporation,TSXV,Mining,955382.01
NRX.V,NurExone Biologic Inc.,TSXV,Life Sciences,42033997.345
NMC.V,Nuvau Minerals Inc.,TSXV,Mining,41051291.78
NVX.V,NV Gold Corporation,TSXV,Mining,7081492.08
NVRO.V,NVRO Metals Limited,TSXV,Clean Technology & Renewable Energy,100562321.63
OCAL.V,OCAL Financial Inc.,TSXV,Technology,4216797.345
FEO.V,Oceanic Iron Ore Corp.,TSXV,Mining,156906453.6
OVT.V,Oculus Inc.,TSXV,Technology,4571128.45
OTC.V,Ocumetics Technology Corp.,TSXV,Life Sciences,60989593.95
OC.V,Olive Resource Capital Inc.,TSXV,Financial Services,12328829.035
OLV.V,Olivut Resources Ltd.,TSXV,Mining,3296124.44
OMG.V,OMAI Gold Mines Corp.,TSXV,Mining,1575943362.86
OMM.V,Omineca Mining and Metals Ltd.,TSXV,Mining,14724096.585
OML.V,Omni-Lite Industries Canada Inc.,TSXV,Industrial Products & Services,32348108.76
OBUL.V,One Bullion Limited,TSXV,Mining,10258244.36
ONAU.V,OnGold Resources Ltd.,TSXV,Mining,35502437.28
OGW.V,Ongwe Minerals Inc.,TSXV,Mining,72744724.06
ONYX.V,Onyx Gold Corp.,TSXV,Mining,106932197.57
OPW.V,Opawica Explorations Inc.,TSXV,Mining,4130570.535
OPHR.V,Ophir Metals Corp.,TSXV,Mining,3496015.635
OPTG.V,Optegra Ventures Inc.,TSXV,Mining,1037380.205
OOR.V,Opus One Gold Corporation,TSXV,Mining,13650000
ORCL.V,Oracle Commodity Holding Corp.,TSXV,Mining,3117406.2
ORC.V,Orca Energy Group Inc.,TSXV,Oil & Gas,52429505.7
OCI.V,Orecap Invest Corp.,TSXV,Financial Services,29800175.52
ORS.V,Orestone Mining Corp.,TSXV,Mining,8586765.04
OTMC.V,Oreterra Metals Corp.,TSXV,Mining,20321465.96
REX.V,Orex Minerals Inc.,TSXV,Mining,12706235.1
OGO.V,Organto Foods Inc.,TSXV,Consumer Products & Services,82223301.6
OCO.V,Oroco Resource Corp.,TSXV,Mining,118973262.195
OGN.V,Orogen Royalties Inc.,TSXV,Mining,209599369.76
OMI.V,Orosur Mining Inc.,TSXV,Mining,106266344.61
OSM.V,Osiris One Metals Ltd.,TSXV,Mining,2080372.74
OGG.V,Osisko Gold Group Inc.,TSXV,Mining,1030673510.69
COO.V,Ostrom Climate Solutions Inc.,TSXV,Clean Technology & Renewable Energy,4563644.52
OAM.V,Overactive Media Corp.,TSXV,Consumer Products & Services,17580951.585
PGLD.V,P2 Gold Inc.,TSXV,Mining,270463721.63
PBM.V,Pacific Bay Minerals Ltd.,TSXV,Mining,1458703.4
BKM.V,Pacific Booker Minerals Inc.,TSXV,Mining,41735174.67
PEMC.V,Pacific Empire Minerals Corp.,TSXV,Mining,12064688.775
PPM.V,Pacific Imperial Mines Inc.,TSXV,Mining,1655207.48
PEX.V,Pacific Ridge Exploration Ltd.,TSXV,Mining,19455084.8
PA.V,Palamina Corp.,TSXV,Mining,12120528.68
PALI.V,Palisades Goldcorp Ltd.,TSXV,Financial Services,233545754.72
PNN.V,Pambili Natural Resources Corporation,TSXV,Mining,3340164.355
PGZ.V,Pan Global Resources Inc.,TSXV,Mining,71684577.3
PML.V,Panoro Minerals Ltd.,TSXV,Mining,478751996.8
PNTR.V,Pantera Silver Corp.,TSXV,Mining,25146733.26
PDQ.V,Paradigm Gold Corporation,TSXV,Mining,1406523.44
PALS.V,Paragon Advanced Labs Inc.,TSXV,Technology,96572739.9
PKT.V,Parkit Enterprise Inc.,TSXV,Real Estate,124489719
PVF.V,Partners Value Investments LP,TSXV,Financial Services,13341286536.6
PVIS.V,Parvis Invest Inc.,TSXV,Technology,12992571.09
PGDC.V,Patagonia Gold Corp.,TSXV,Mining,190249351.83
RV.V,Pathfinder Ventures Inc.,TSXV,Consumer Products & Services,1495615.525
PAT.V,Patterson Metals Corp.,TSXV,Mining,1422146.6
PRH.V,Pearl River Holdings Limited,TSXV,Industrial Products & Services,3686840.145
PCU.V,Pecoy Copper Corp.,TSXV,Mining,299569059.79
PX.V,Pelangio Exploration Inc.,TSXV,Mining,30199565.4
PTF.V,Pender Growth Fund Inc.,TSXV,Financial Services,104524227.99
PINK.V,Perimeter Medical Imaging AI Inc.,TSXV,Life Sciences,45135000
PMI.V,Perseverance Metals Inc.,TSXV,Mining,18532660.8
PER.V,Peruvian Metals Corp.,TSXV,Mining,29592365
PESO.V,PesoRama Inc.,TSXV,Consumer Products & Services,94816842.575
PFC.V,PetroFrontier Corp.,TSXV,Oil & Gas,4673702.24
PCQ.V,Petrolympic Ltd.,TSXV,Oil & Gas,14708492.7
VRY.V,Petro-Victory Energy Corp.,TSXV,Oil & Gas,15873905.955
PTC.V,Petrox Resources Corp.,TSXV,Oil & Gas,1102645.2
PCLO.V,PharmaCielo Ltd.,TSXV,Life Sciences,15846272.25
PCRX.V,PharmaCorp Rx Inc.,TSXV,Life Sciences,98490429.5
PHNM.V,Phenom Resources Corp.,TSXV,Mining,54734001.6
PINE.V,Pine Trail Real Estate Investment Trust,TSXV,Real Estate,1594919.565
PINN.V,Pinnacle Silver and Gold Corp.,TSXV,Mining,14683175.8
PTE.V,Pioneering Technology Corp.,TSXV,Clean Technology & Renewable Energy,840626.19
YARR.V,Pirate Gold Corp.,TSXV,Mining,111557912.18
PVT.V,Pivotree Inc.,TSXV,Technology,38414992.94
PJX.V,PJX Resources Inc.,TSXV,Mining,54337882
PTFY.V,Plantify Foods Inc.,TSXV,Consumer Products & Services,3071983.95
PURO.V,Platauro Metals Corp.,TSXV,Mining,18100246.845
PGC.V,Plato Gold Corp.,TSXV,Mining,6919971.51
PLY.V,Playfair Mining Ltd.,TSXV,Mining,4425169.75
DEAL.V,Playgon Games Inc.,TSXV,Technology,2818245.755
PLUR.V,Plurilock Security Inc.,TSXV,Technology,11236366.8
POND.V,Pond Technologies Holdings Inc.,TSXV,Clean Technology & Renewable Energy,427961.125
POOL.V,Pool Safe Inc.,TSXV,Consumer Products & Services,2577082.95
PGP.V,Power Group Projects Corp.,TSXV,Mining,254340.855
PNPN.V,Power Metallic Mines Inc.,TSXV,Mining,260104489
PWM.V,Power Metals Corp.,TSXV,Mining,99471857.1
PWRO.V,Power One Resources Corp.,TSXV,Mining,1328743.68
PPX.V,PPX Mining Corp.,TSXV,Mining,193462630.42
PRG.V,Precipitate Gold Corp.,TSXV,Mining,24195851
PUR.V,Premier American Uranium Inc.,TSXV,Mining,53559282.56
HDRO.V,Primary Hydrogen Corp.,TSXV,Mining,8679891.87
PTEC.V,Principal Technologies Inc.,TSXV,Technology,18079044.6
PMX.V,ProAm Explorations Corporation,TSXV,Mining,2955572.685
PLAN.V,Progressive Planet Solutions Inc.,TSXV,Clean Technology & Renewable Energy,37148800.905
MKT.V,Prospect Prediction Markets Inc.,TSXV,Technology,19010580.39
PPP.V,Prospector Metals Corp.,TSXV,Mining,183980582.25
PGX.V,Prosper Gold Corp.,TSXV,Mining,2170258.475
PEI.V,Prospera Energy Inc.,TSXV,Oil & Gas,21314585.95
MAPS.V,ProStar Holdings Inc.,TSXV,Technology,32300620
PHD.V,Providence Gold Mines Inc.,TSXV,Mining,3542536.6
PTX.V,PTX Metals Inc.,TSXV,Mining,16543340.85
PLSR.V,Pulsar Helium Inc.,TSXV,Oil & Gas,299754315
PUL.V,Pulse Oil Corp.,TSXV,Oil & Gas,6234656.56
PUMA.V,Puma Exploration Inc.,TSXV,Mining,21211578.045
PE.V,Pure Energy Minerals Limited,TSXV,Mining,8440315.92
BRED.V,Purebread Brands Inc.,TSXV,Consumer Products & Services,7440585.33
PTU.V,Purepoint Uranium Group Inc.,TSXV,Mining,24606593.79
PWH.V,Purewave Hydrogen Corp.,TSXV,Mining,356730
QTWO.V,Q2 Metals Corp.,TSXV,Mining,553651637.04
QCX.V,QCX Gold Corp.,TSXV,Mining,4410280.875
QGR.V,Q-Gold Resources Ltd.,TSXV,Mining,32019221.85
QMC.V,QMC Quantum Minerals Corp.,TSXV,Mining,4163232.96
QRO.V,Quadro Resources Ltd.,TSXV,Mining,1607663.79
LEAP.V,Quantum Critical Metals Corp.,TSXV,Mining,11390298.125
QNC.V,Quantum eMotion Corp.,TSXV,Technology,636317043
QZM.V,Quartz Mountain Resources Ltd.,TSXV,Mining,29825553.2
QPT.V,Quest Pharmatech Inc.,TSXV,Life Sciences,3382584.94
QST.V,Questor Technology Inc.,TSXV,Clean Technology & Renewable Energy,6248952.675
QURI.V,Quri-Mayu Developments Ltd.,TSXV,Mining,3380082.6
QYOU.V,QYOU Media Inc.,TSXV,Comm. & Media,14792547.09
RRR.V,R&R Real Estate Investment Trust,TSXV,Real Estate,3056951.55
RAK.V,Rackla Metals Inc.,TSXV,Mining,24630742.845
RDS.V,Radisson Mining Resources Inc.,TSXV,Mining,361426531.02
RDU.V,Radius Gold Inc.,TSXV,Mining,14469281.375
RMO.V,Rainy Mountain Royalty Corp.,TSXV,Mining,2100014.24
RKV.V,Rakovina Therapeutics Inc.,TSXV,Life Sciences,2929635.24
RAMP.V,Ramp Metals Inc.,TSXV,Mining,12592058.875
RNCH.V,Ranchero Gold Corp.,TSXV,Mining,2472014.58
RTH.V,Rathdowney Resources Ltd.,TSXV,Mining,10177098
RE.V,RE Royalties Ltd.,TSXV,Clean Technology & Renewable Energy,16973567.13
XBOT.V,Realbotix Corp.,TSXV,Technology,64881837.735
RGI.V,Reco International Group Inc.,TSXV,Industrial Products & Services,496356.35
RECO.V,Reconnaissance Energy Africa Ltd.,TSXV,Oil & Gas,293383142
REC.V,Record Resources Inc.,TSXV,Mining,10702756.26
AMY.V,Recyclico Battery Materials Inc.,TSXV,Clean Technology & Renewable Energy,15539647.62
RFX.V,Reeflex Solutions Inc.,TSXV,Industrial Products & Services,9380300
REE.V,ReeXploration Inc.,TSXV,Mining,4056873.21
GIII.V,ReGen III Corp.,TSXV,Clean Technology & Renewable Energy,24755629.6
RSMX.V,Regency Silver Corp.,TSXV,Mining,15182870.89
RPP.V,Regent Pacific Properties Inc.,TSXV,Real Estate,1201170
REG.V,Regulus Resources Inc.,TSXV,Mining,509017741.65
RET.V,Reitmans (Canada) Limited,TSXV,Consumer Products & Services,101997770.44
MYID.V,Reklaim Ltd.,TSXV,Technology,12400901.855
REKO.V,Reko International Group Inc.,TSXV,Industrial Products & Services,28792643.25
RGC.V,Relevant Gold Corp.,TSXV,Mining,51499037.45
RAGE.V,Renegade Gold Inc.,TSXV,Mining,12819237.84
RW.V,RenoWorks Software Inc.,TSXV,Technology,13099082.88
RSS.V,RESAAS Services Inc.,TSXV,Technology,36556095.87
RSM.V,Resouro Strategic Metals Inc.,TSXV,Mining,32403014.7
REVX.V,Rev Exploration Corp.,TSXV,Mining,64120805.385
RVG.V,Revival Gold Inc.,TSXV,Mining,210830465.34
REVO.V,RevoluGROUP Canada Inc.,TSXV,Technology,4505858.12
OWN.V,Rex Resources Corp.,TSXV,Mining,1817309.5
RMD.V,Richmond Minerals Inc.,TSXV,Mining,4707740.31
RDG.V,Ridgeline Minerals Corp.,TSXV,Mining,24514725.39
RMI.V,Ridgestone Mining Inc.,TSXV,Mining,2021660.55
RLYG.V,Riley Gold Corp.,TSXV,Mining,22964332.07
RYO.V,Rio Silver Inc.,TSXV,Mining,15968158.265
RVLY.V,Rivalry Corp.,TSXV,Technology,436344.735
RRRL.V,River Road Resources Ltd.,TSXV,Mining,1722500.1
RRI.V,Riverside Resources Inc.,TSXV,Mining,35078799
RIWI.V,RIWI Corp.,TSXV,Technology,4543530.16
RJX.V,RJK Explorations Ltd.,TSXV,Mining,4164684.37
ROB.V,Robinson Energy Limited,TSXV,Oil & Gas,56495290.8
RCT.V,Rochester Resources Ltd.,TSXV,Mining,6726177.5
RCK.V,Rock Tech Lithium Inc.,TSXV,Mining,76875283.84
RK.V,Rockhaven Resources Ltd.,TSXV,Mining,43920470.55
RUM.V,Rocky Mountain Liquor Inc.,TSXV,Consumer Products & Services,3826222
ROK.V,ROK Resources Inc.,TSXV,Oil & Gas,64554991.6
RKR.V,Rokmaster Resources Corp.,TSXV,Mining,8970321.51
RME.V,Roland Minerals Enterprises Corp.,TSXV,Mining,27879978.35
ROS.V,Roscan Gold Corporation,TSXV,Mining,63584632.225
RTE.V,Route 109 Resources Inc.,TSXV,Mining,1592189.455
ROI.V,Route1 Inc.,TSXV,Technology,7031073.15
RYR.V,Royal Road Minerals Limited,TSXV,Mining,53049298.32
RPX.V,RPX Gold Inc.,TSXV,Mining,60208653.375
RTM.V,RT Minerals Corp.,TSXV,Mining,286579.375
ROMJ.V,Rubicon Organics Inc.,TSXV,Life Sciences,31762090.52
RMB.V,Rumbu Holdings Ltd.,TSXV,Consumer Products & Services,8180800
RML.V,Rusoro Mining Ltd.,TSXV,Mining,724098842.22
RZL.V,RZOLV Technologies Inc.,TSXV,Clean Technology & Renewable Energy,18681261
SABA.V,Saba Energy Ltd.,TSXV,Oil & Gas,4181499.54
SBIO.V,Sabio Holdings Inc.,TSXV,Technology,6628653.85
SAE.V,Sable Resources Ltd.,TSXV,Mining,14390920.395
SF.V,Safi Silver Corp.,TSXV,Mining,20399514.565
SAGA.V,Saga Metals Corp.,TSXV,Mining,44219878.89
SAGE.V,Sage Potash Corp.,TSXV,Mining,19692442.795
FISH.V,Sailfish Royalty Corp.,TSXV,Mining,382824661.8
SRL.V,Salazar Resources Limited,TSXV,Mining,68921735.22
SCAI.V,SalesCloser Technologies Ltd.,TSXV,Technology,21350653.91
SME.V,Sama Resources Inc.,TSXV,Mining,14304448.6
SLG.V,San Lorenzo Gold Corp.,TSXV,Mining,516160398.25
SFR.V,Sandfire Resources America Inc.,TSXV,Mining,286538782.32
SCZ.V,Santacruz Silver Mining Ltd.,TSXV,Mining,834266104.98
SWA.V,Sarama Resources Ltd.,TSXV,Mining,17625718.18
SATO.V,Sato Technologies Corp.,TSXV,Clean Technology & Renewable Energy,8104570.65
SCD.V,Scandium Canada Ltd.,TSXV,Mining,81039859.52
SCY.V,Scandium International Mining Corp.,TSXV,Mining,53799121.95
SGN.V,Scorpio Gold Corporation,TSXV,Mining,74226227.53
SCOT.V,Scottie Resources Corp.,TSXV,Mining,158994936.48
SMY.V,Search Minerals Inc.,TSXV,Mining,10795492.08
SCLT.V,Searchlight Resources Inc.,TSXV,Mining,4742307.68
ID.V,Secure Blockchain Development Corp.,TSXV,Technology,5377429.2
SEGN.V,Seegnal Inc.,TSXV,Life Sciences,12689328.68
SGZ.V,Sego Resources Inc.,TSXV,Mining,9408652.64
SCMI.V,Selkirk Copper Mines Inc.,TSXV,Mining,242371734.93
SEND.V,Sendero Resources Corp.,TSXV,Mining,25222141.85
SEVA.V,Seva Mining Corp.,TSXV,Mining,49867032.65
SHRX.V,Sharp Therapeutics Corp.,TSXV,Life Sciences,3157570
SHRP.V,Sherpa II Holdings Corp.,TSXV,Mining,1493722.175
SIEN.V,Sienna Resources Inc.,TSXV,Mining,2983200.35
SM.V,Sierra Madre Gold and Silver Ltd.,TSXV,Mining,310540762.8
SGML.V,Sigma Lithium Corporation,TSXV,Mining,1548939986.88
SGU.V,Signature Resources Ltd.,TSXV,Mining,7801383.81
SBMI.V,Silver Bullet Mines Corp.,TSXV,Mining,18500000
SVG.V,Silver Grail Resources Ltd.,TSXV,Mining,5241194.64
SNAG.V,Silver North Resources Ltd.,TSXV,Mining,23759092.06
SVE.V,Silver One Resources Inc.,TSXV,Mining,130479515.8
SPD.V,Silver Predator Corp.,TSXV,Mining,3362120.775
SNG.V,Silver Range Resources Ltd.,TSXV,Mining,11391339.835
SSE.V,Silver Spruce Resources Inc.,TSXV,Mining,3032936.595
SVRS.V,Silver Storm Mining Ltd.,TSXV,Mining,318259351.41
SILV.V,Silver Valley Metals Corp.,TSXV,Mining,4494679.75
VIPR.V,Silver Viper Minerals Corp.,TSXV,Mining,45600000
SWLF.V,Silver Wolf Exploration Ltd.,TSXV,Mining,6839501.46
AGX.V,Silver X Mining Corp.,TSXV,Mining,203583088.95
AGA.V,Silver47 Exploration Corp.,TSXV,Mining,121485845.9
SICO.V,Silverco Mining Ltd.,TSXV,Mining,367704014.26
HASH.V,Simply Solventless Concentrates Ltd.,TSXV,Consumer Products & Services,6352653.945
SEI.V,Sintana Energy Inc.,TSXV,Oil & Gas,209672810.25
SOI.V,Sirios Resources Inc.,TSXV,Mining,110850120.15
SIG.V,Sitka Gold Corp.,TSXV,Mining,393696602.4
SKEL.V,Skeleton Coast Uranium Corp.,TSXV,Mining,10480840.48
SKRR.V,SKRR Exploration Inc.,TSXV,Mining,5175062.1
SKYG.V,Sky Gold Corp.,TSXV,Mining,2429304.775
SYH.V,Skyharbour Resources Ltd.,TSXV,Mining,81824837.7
SXL.V,SLAM Exploration Ltd.,TSXV,Mining,11144264.6
SSX.V,Sleeping Giant Capital Corp.,TSXV,Financial Services,767759.94
SMWE.V,Smartwell Technology Corp.,TSXV,Technology,15859462.5
SMRV.V,Smooth Rock Ventures Corp.,TSXV,Mining,4706180.88
SPN.V,Snipp Interactive Inc.,TSXV,Technology,11484553.16
SOLR.V,Solar Alliance Energy Inc.,TSXV,Clean Technology & Renewable Energy,1475969.69
SGC.V,Solstice Gold Corp.,TSXV,Mining,11811696.435
SOMA.V,Soma Gold Corp.,TSXV,Mining,106322778.1
SNI.V,Sonor Investments Ltd.,TSXV,Financial Services,1036680
SNV.V,Sonoro Energy Ltd.,TSXV,Oil & Gas,7211778.06
SGO.V,Sonoro Gold Corp.,TSXV,Mining,82106895.45
SRR.V,Source Rock Royalties Ltd.,TSXV,Oil & Gas,45683961.45
SAO.V,South Atlantic Gold Inc.,TSXV,Mining,15680487.45
SPMC.V,South Pacific Metals Corp.,TSXV,Mining,54373296.9
STS.V,South Star Battery Metals Corp.,TSXV,Mining,27670599.645
SMP.V,Southern Empire Resources Corp.,TSXV,Mining,6060000
SOU.V,Southern Energy Corp.,TSXV,Oil & Gas,23735017.04
SSV.V,Southern Silver Exploration Corp.,TSXV,Mining,211394111.58
SGQ.V,SouthGobi Resources Ltd.,TSXV,Mining,129692250.8
SML.V,Southstone Minerals Limited,TSXV,Mining,1922513.28
SQG.V,Spackman Equities Group Inc.,TSXV,Financial Services,26438072.58
SPA.V,Spanish Mountain Gold Ltd.,TSXV,Mining,168736868.16
SPRQ.V,SPARQ Systems Inc.,TSXV,Clean Technology & Renewable Energy,138914783.28
SAY.V,Sparta Capital Ltd.,TSXV,Financial Services,3738831.345
W.V,Spartan Metals Corp.,TSXV,Mining,29779938.65
SRI.V,Sparton Resources Inc.,TSXV,Mining,3634545.04
SPC.V,SPC Nickel Corp.,TSXV,Mining,31312667.75
SSA.V,Spectra Products Inc.,TSXV,Consumer Products & Services,2480557.35
SRQ.V,SRQ Resources Inc.,TSXV,Mining,2535260.75
SECU.V,SSC Security Services Corp.,TSXV,Industrial Products & Services,80362858.4
LORD.V,St. James Gold Corp.,TSXV,Mining,3360528.38
SRC.V,Stakeholder Gold Corp.,TSXV,Mining,46660791.6
STUD.V,Stallion Uranium Corp.,TSXV,Mining,33029156.6
SDI.V,Stampede Drilling Inc.,TSXV,Industrial Products & Services,45986566.85
STMP.V,Stamper Oil & Gas Corp.,TSXV,Oil & Gas,10216324.335
SLI.V,Standard Lithium Ltd.,TSXV,Mining,702272056.8
STND.V,Standard Uranium Ltd.,TSXV,Mining,13555426.595
SUN.V,Stardust Solar Energy Inc.,TSXV,Clean Technology & Renewable Energy,5539677.85
SURF.V,Starlight U.S. Residential Fund (Multi-Family) Investment LP,TSXV,Real Estate,1303337.88
STE.V,Starr Peak Mining Ltd.,TSXV,Mining,19420617.896
SPX.V,Stellar AfricaGold Inc.,TSXV,Mining,5197662.72
SAG.V,Sterling Metals Corp.,TSXV,Mining,47176185.24
PGE.V,Stillwater Critical Minerals Corp.,TSXV,Mining,82783715.435
STW.V,Stockworks Gold Inc.,TSXV,Mining,2206626.765
STRM.V,Storm Exploration Inc.,TSXV,Mining,11425577.6
SGE.V,Strategem Capital Corporation,TSXV,Financial Services,8111484.92
SMD.V,Strategic Metals Ltd.,TSXV,Mining,36648469.11
SR.V,Strategic Resources Inc.,TSXV,Mining,16822978.575
SRA.V,Stria Lithium Inc.,TSXV,Mining,27031351.75
SKP.V,Strikepoint Gold Inc.,TSXV,Mining,11542590.67
SKK.V,Strikewell Energy Corp.,TSXV,Oil & Gas,992089.13
SDR.V,Stroud Resources Ltd.,TSXV,Mining,8589131.865
STUV.V,Stuve Gold Corp.,TSXV,Mining,18794771.55
SUGR.V,Sucro Limited,TSXV,Consumer Products & Services,111079990
SUM.V,Summit Royalties Ltd.,TSXV,Mining,137808879.67
PEAK.V,Sun Peak Metals Corp.,TSXV,Mining,73076652.22
SMN.V,Sun Summit Minerals Corp.,TSXV,Mining,36864410.695
SPZ.V,SuperBuzz Inc.,TSXV,Technology,764987.79
SUI.V,Superior Mining International Corporation,TSXV,Mining,2743056.68
NILI.V,Surge Battery Metals Inc.,TSXV,Mining,188505922.2
SURG.V,Surge Copper Corp.,TSXV,Mining,188211274.255
SYG.V,Sylla Gold Corp.,TSXV,Mining,4828402.44
ESAF.V,Syntholene Energy Corp.,TSXV,Clean Technology & Renewable Energy,30576161.38
TWO.V,T2 Metals Corp.,TSXV,Mining,28254963.6
RARE.V,Tactical Resources Corp.,TSXV,Mining,79132968
TAO.V,TAG Oil Ltd.,TSXV,Oil & Gas,25631751.9
TAJ.V,Tajiri Resources Corp.,TSXV,Mining,46354461.65
TALA.V,Talamore Mining Corp.,TSXV,Mining,1321122472.88
TRO.V,Taranis Resources Inc.,TSXV,Mining,14101027.155
TDG.V,TDG Gold Corp.,TSXV,Mining,118014335.04
TECT.V,Tectonic Metals Inc.,TSXV,Mining,271864130.06
TELO.V,Telo Genomics Corp.,TSXV,Life Sciences,4519371.24
TNX.V,TenX Protocols Inc.,TSXV,Technology,5086204.96
TRR.V,Terra Rossa Gold Ltd.,TSXV,Mining,28022037.14
TES.V,Tesoro Minerals Corp.,TSXV,Mining,4351654.23
TPL.V,Tethys Petroleum Ltd.,TSXV,Oil & Gas,120600110.4
TUO.V,Teuton Resources Corp.,TSXV,Mining,93998853.17
TGX.V,TGX Energy & Resources Inc.,TSXV,Mining,8674715
TLT.V,Theralase Technologies Inc.,TSXV,Life Sciences,73261625.19
THRM.V,Therma Bright Inc.,TSXV,Life Sciences,3062331.4
TMG.V,Thermal Energy International Inc.,TSXV,Clean Technology & Renewable Energy,26832717.275
TAU.V,Thesis Gold & Silver Inc.,TSXV,Mining,784192958.01
TTI.V,"Thiogenesis Therapeutics, Corp.",TSXV,Life Sciences,37789014.24
TRCG.V,Thistle Resources Inc.,TSXV,Mining,11525037.67
THX.V,Thor Explorations Ltd.,TSXV,Mining,659907404.64
TCCM.V,Three Crowns Critical Metals Inc.,TSXV,Mining,4738672.08
YAY.V,THS Maple Holdings Ltd.,TSXV,Consumer Products & Services,9149865
TGOL.V,Thunder Gold Corp.,TSXV,Mining,33481397.775
THM.V,"Thunder Mountain Gold, Inc.",TSXV,Mining,95743915.85
BIRD.V,Thunderbird Minerals Corp.,TSXV,Mining,10592017.02
AWE.V,Thunderstruck Resources Ltd.,TSXV,Mining,10660680.9
TSLV.V,Tier One Silver Inc.,TSXV,Mining,16817635.64
TNGD.V,Tiernan Gold Corp.,TSXV,Mining,299421012.24
TIGR.V,Tiger Gold Corp.,TSXV,Mining,68161341.21
TK.V,Tinka Resources Limited,TSXV,Mining,57522197.79
TORC.V,TinOne Resources Inc.,TSXV,Mining,2079605.575
TTS.V,Tintina Mines Ltd.,TSXV,Mining,284324076.9
TLA.V,Titan Logix Corp.,TSXV,Industrial Products & Services,14201203.72
TITI.V,Titiminas Silver Inc.,TSXV,Mining,29125802.94
TNR.V,TNR Gold Corp.,TSXV,Mining,65939989.5
LOT.V,TomaGold Corporation,TSXV,Mining,9368975.79
TBLL.V,Tombill Mines Limited,TSXV,Mining,5849079.94
TGC.V,Toogood Gold Corp.,TSXV,Mining,8583633.8
TOI.V,Topicus.com Inc.,TSXV,Technology,8519945046
TORQ.V,Torq Resources Inc.,TSXV,Mining,8365371.57
TMET.V,Torr Metals Inc.,TSXV,Mining,8402495.3
TORR.V,Torrent Capital Ltd.,TSXV,Financial Services,21711427.68
TT.V,Total Metals Corp.,TSXV,Mining,11863153.2
TTZ.V,Total Telcom Inc.,TSXV,Technology,13812767.8
THP.V,Totally Hip Technologies Inc.,TSXV,Technology,9194304.75
TOTC.V,Totec Resources Ltd.,TSXV,Mining,23187315
TWR.V,Tower Resources Ltd.,TSXV,Mining,29067976.32
TBK.V,Trailbreaker Resources Ltd.,TSXV,Mining,12801560.16
TTG.V,Trans Canada Gold Corp.,TSXV,Oil & Gas,6166633.095
TCO.V,Transatlantic Mining Corp.,TSXV,Mining,6064794.12
XTM.V,Transition Metals Corp.,TSXV,Mining,5248009.56
OCEN.V,Transoceanic Investments Inc.,TSXV,Financial Services,9311092.175
TRS.V,Tres-Or Resources Ltd.,TSXV,Mining,1387862.465
TRBE.V,Tribe Property Technologies Inc.,TSXV,Technology,11254666.5
TRBC.V,Tribeca Resources Corporation,TSXV,Mining,26308200.33
ROCK.V,Trident Resources Corp.,TSXV,Mining,123259707.57
TG.V,Trifecta Gold Ltd.,TSXV,Mining,10161309.78
TOM.V,Trinity One Metals Ltd.,TSXV,Mining,8068185.48
TSG.V,Tristar Gold Inc.,TSXV,Mining,61619000.7
TIG.V,Triumph Gold Corp.,TSXV,Mining,43277257.2
TR.V,Troubadour Resources Inc.,TSXV,Mining,980959.98
TRU.V,TRU Precious Metals Corp.,TSXV,Mining,4110545.45
TBIX.V,TrustBIX Inc.,TSXV,Technology,1392093.3
TSD.V,Tsodilo Resources Limited,TSXV,Mining,8668265.19
TUD.V,Tudor Gold Corp.,TSXV,Mining,341935895.14
TUK.V,Tuktu Resources Ltd.,TSXV,Mining,3983453.22
TTGI.V,Turnium Technology Group Inc.,TSXV,Technology,10655282.85
TVI.V,TVI Pacific Inc.,TSXV,Mining,32786416.755
MILE.V,Twenty Mile Metals Inc.,TSXV,Mining,1836000
UTWO.V,U92 Energy Corp.,TSXV,Mining,17058738.84
UCU.V,Ucore Rare Metals Inc.,TSXV,Mining,316848013.06
ULT.V,Ultra Lithium Inc.,TSXV,Mining,2521430.265
UGD.V,Unigold Inc.,TSXV,Mining,57681648.89
USS.V,Uniserve Communications Corporation,TSXV,Technology,29460561.9
IBO.V,Universal Ibogaine Inc.,TSXV,Life Sciences,1564292.58
UIG.V,Urban Infrastructure Group Inc.,TSXV,Industrial Products & Services,1567693.755
UFC.V,Urbanfund Corp.,TSXV,Real Estate,45866568.65
URZ.V,URZ3 Energy Corp.,TSXV,Mining,8895725.15
USCU.V,US Copper Corp.,TSXV,Mining,20842634.93
USHA.V,Usha Resources Ltd.,TSXV,Mining,4150421.37
VTEN.V,V Ten Metals Corp.,TSXV,Mining,19206853.5
VZZ.V,Val-D'Or Mining Corporation,TSXV,Mining,19510332.84
VMXX.V,Valhalla Metals Inc.,TSXV,Mining,116378493.77
OZ.V,Valkea Resources Corp.,TSXV,Mining,25797290.1
VO.V,ValOre Metals Corp.,TSXV,Mining,17846784.62
VRB.V,VanadiumCorp Resource Inc.,TSXV,Mining,2377339.02
VCV.V,Vatic Ventures Corp.,TSXV,Mining,2481083.64
KNOX.V,Vault Strategic Mining Corp.,TSXV,Mining,2509624.15
VXL.V,Vaxil Bio Ltd.,TSXV,Life Sciences,697203.675
PAIN.V,Vector Science and Therapeutics Corp.,TSXV,Life Sciences,251746329.8
VLC.V,Velocity Minerals Ltd.,TSXV,Mining,40906571.4
VLX.V,Velox Energy Materials Inc.,TSXV,Mining,6250739.04
VTT.V,Vendetta Mining Corp.,TSXV,Mining,3626890.57
VENT.V,Ventra Metals Corp.,TSXV,Mining,2587572.48
VPT.V,VentriPoint Diagnostics Ltd.,TSXV,Life Sciences,21205573.51
V.V,Verdera Energy Corp.,TSXV,Mining,28409247.375
VTX.V,Vertex Resource Group Ltd.,TSXV,Industrial Products & Services,17924302.4
VERT.V,Vertical Exploration Inc.,TSXV,Mining,4587121.59
VLD.V,Vinland Lithium Inc.,TSXV,Mining,5429836.08
VIO.V,Vior Gold Corporation Inc.,TSXV,Mining,39541848.005
VQS.V,VIQ Solutions Inc.,TSXV,Technology,5636972.4
VML.V,Viscount Mining Corp.,TSXV,Mining,37097121.325
VGD.V,Visible Gold Mines Inc.,TSXV,Mining,5798274.6
VLI.V,Vision Lithium inc.,TSXV,Mining,2930191.51
VMAR.V,Vision Marine Technologies Inc.,TSXV,Technology,4963149.6
VCG.V,Visionary Copper and Gold Mines Inc.,TSXV,Mining,30925490.7
VIZ.V,Visionary Metals Corp.,TSXV,Mining,14238445.72
VIS.V,Visionstate Corp.,TSXV,Technology,3874895.025
VUX.V,Vital Energy Inc.,TSXV,Oil & Gas,8269997.1
VITA.V,Vitalist Inc.,TSXV,Technology,40058119.8
VPI.V,Vitality Products Inc.,TSXV,Life Sciences,1035282.125
VCI.V,Vitreous Glass Inc.,TSXV,Clean Technology & Renewable Energy,44492350
VAU.V,Viva Gold Corp.,TSXV,Mining,26676600.81
VCU.V,Vizsla Copper Corp.,TSXV,Mining,99142414.8
VROY.V,Vizsla Royalties Corp.,TSXV,Mining,227707193.6
VG.V,Volcanic Gold Mines Inc.,TSXV,Mining,4456465.65
VCT.V,Volt Carbon Technologies Inc.,TSXV,Mining,22777666.65
VMS.V,Vortex Metals Inc.,TSXV,Mining,5025966.72
VM.V,Voyageur Pharmaceuticals Ltd.,TSXV,Mining,29424505.76
VRR.V,VR Resources Ltd.,TSXV,Mining,3580675.11
VUL.V,Vulcan Minerals Inc.,TSXV,Mining,48713399.25
VVC.V,VVC Exploration Corp.,TSXV,Mining,5726818.15
VVTM.V,VVT Med Inc.,TSXV,Life Sciences,15970515.88
WLR.V,Walker Lane Resources Ltd.,TSXV,Mining,2510057.965
WRR.V,Walker River Resources Corp.,TSXV,Mining,14440058.26
WWT.V,Water Ways Technologies Inc.,TSXV,Technology,520748.655
WAVE.V,Waverley Pharma Inc.,TSXV,Life Sciences,810000
WML.V,Wealth Minerals Ltd.,TSXV,Mining,24825982.415
WFLD.V,Wellfield Technologies Inc.,TSXV,Technology,2074312.7
WCE.V,Wescan Energy Corp.,TSXV,Oil & Gas,4514795.8
WGF.V,Wescan Goldfields Inc.,TSXV,Mining,14266933.045
WHY.V,West High Yield (W.H.Y.) Resources Ltd.,TSXV,Mining,36863727.755
WPG.V,West Point Gold Corp.,TSXV,Mining,167720429.64
WRLG.V,West Red Lake Gold Mines Ltd.,TSXV,Mining,277345144.59
WVM.V,West Vault Mining Inc.,TSXV,Mining,87694104.66
WED.V,Westaim Corporation (The),TSXV,Financial Services,754908930
WBE.V,WestBond Enterprises Corporation,TSXV,Consumer Products & Services,7125160
WEB.V,Westbridge Renewable Energy Corp.,TSXV,Clean Technology & Renewable Energy,22878792.81
WEX.V,Western Exploration Inc.,TSXV,Mining,33086452.57
WGLD.V,Western Gold Exploration Ltd.,TSXV,Mining,5097788.76
WI.V,Western Investment Company of Canada Limited (The),TSXV,Industrial Products & Services,172073868.24
WMS.V,Western Metallica Resources Corp.,TSXV,Mining,351507.5
WP.V,Western Pacific Trust Company,TSXV,Financial Services,3812565.91
WGT.V,Westgate Energy Inc.,TSXV,Oil & Gas,21415239.54
WHN.V,Westhaven Gold Corp.,TSXV,Mining,83519909.76
WGO.V,White Gold Corp.,TSXV,Mining,341125721.64
WMK.V,Whitemud Resources Inc.,TSXV,Mining,5103945
YTY.V,Wi2Wi Corporation,TSXV,Technology,9911650.65
CANS.V,Wildpack Beverage Inc.,TSXV,Industrial Products & Services,500918.845
WSK.V,Wildsky Resources Inc.,TSXV,Mining,7030392.625
WIL.V,Wilton Resources Inc.,TSXV,Oil & Gas,25348910.49
WEC.V,Winchester Equity Corporation,TSXV,Mining,1124638.54
WINS.V,Winshear Metals Corp.,TSXV,Mining,5903417.025
WISH.V,Wishpond Technologies Ltd.,TSXV,Technology,6597137.88
WLF.V,Wolfden Resources Corporation,TSXV,Mining,8541794.16
WCU.V,World Copper Ltd.,TSXV,Mining,1446669.95
XGC.V,Xali Gold Corp.,TSXV,Mining,40454841.6
GIG.V,XAU Resources Inc.,TSXV,Mining,1676150
XCYT.V,Xcyte Digital Corp.,TSXV,Technology,2859999.74
XIM.V,Ximen Mining Corp.,TSXV,Mining,4580320.225
XRTX.V,XORTX Therapeutics Inc.,TSXV,Life Sciences,5159044.6
XPLR.V,Xplore Resources Corp.,TSXV,Mining,1052030.1
XTAO.V,xTAO Inc.,TSXV,Technology,6709765.825
XXIX.V,XXIX Metal Corp.,TSXV,Mining,64872689.555
XL.V,XXL Energy Corp.,TSXV,Oil & Gas,1015412.02
YOO.V,Yangaroo Inc.,TSXV,Technology,2543058.48
YNV.V,Ynvisible Interactive Inc.,TSXV,Technology,14805568.53
YEG.V,Yorkton Equity Group Inc.,TSXV,Real Estate,15767930.36
ZAC.V,Zacatecas Silver Corp.,TSXV,Mining,13133908.56
ZBNI.V,ZEB Nickel Corp.,TSXV,Mining,6956741.25
ZDC.V,Zedcor Inc.,TSXV,Industrial Products & Services,548156469.42
ZEN.V,Zentek Ltd.,TSXV,Mining,120288555.4
ZFR.V,Zephyr Minerals Ltd.,TSXV,Mining,4177664.325
ZCT.V,Zero Candida Technologies Inc.,TSXV,Life Sciences,2944178.4
ZC.V,Zimtu Capital Corp.,TSXV,Financial Services,7960740.945
ZNX.V,Zincx Resources Corp.,TSXV,Mining,15031691.28
ZAU.V,Zodiac Gold Inc.,TSXV,Mining,50741357.15
ZONE.V,Zonetail Inc.,TSXV,Technology,3275659.07
ZON.V,Zonte Metals Inc.,TSXV,Mining,9361451.55
ZMA.V,ZoomAway Technologies Inc.,TSXV,Technology,193310.32
ZOMD.V,Zoomd Technologies Ltd.,TSXV,Technology,52599590.68
ZYUS.V,ZYUS Life Sciences Corporation,TSXV,Life Sciences,38613772.89
